rubrik_id (englischer Name);rubrikname (deutscher Name);pfad
436;Abfüllsäulen;Abfüllanlagen & Abfülltechnik / Abfüllsäulen
703;Absackanlagen;Abfüllanlagen & Abfülltechnik / Absackanlagen
437;Behälterfüllsysteme;Abfüllanlagen & Abfülltechnik / Behälterfüllsysteme
438;Fassfüllsysteme;Abfüllanlagen & Abfülltechnik / Fassfüllsysteme
439;Fördersysteme;Abfüllanlagen & Abfülltechnik / Fördersysteme
440;Lagersysteme;Abfüllanlagen & Abfülltechnik / Lagersysteme
441;Mineralwasserabfüllanlagen;Abfüllanlagen & Abfülltechnik / Mineralwasserabfüllanlagen
442;Palettenfüllsysteme;Abfüllanlagen & Abfülltechnik / Palettenfüllsysteme
443;Palettiersysteme;Abfüllanlagen & Abfülltechnik / Palettiersysteme
679;Sonstige Abfüllanlagen & Abfülltechnik;Abfüllanlagen & Abfülltechnik / Sonstige Abfüllanlagen & Abfülltechnik
444;Tubenfüller;Abfüllanlagen & Abfülltechnik / Tubenfüller
95;Bestückungstechnik;Automatisierungstechnik / Bestückungstechnik
96;Handhabungs-Manipulatoren;Automatisierungstechnik / Handhabungs-Manipulatoren
97;Montagemaschinen;Automatisierungstechnik / Montagemaschinen
98;Positioniermaschinen;Automatisierungstechnik / Positioniermaschinen
99;Roboter;Automatisierungstechnik / Roboter
100;Schaltanlagen;Automatisierungstechnik / Schaltanlagen
661;Sonstige Automatisierungsmaschinen;Automatisierungstechnik / Sonstige Automatisierungsmaschinen
101;Sortiermaschinen;Automatisierungstechnik / Sortiermaschinen
102;Steuerungen;Automatisierungstechnik / Steuerungen
2201;Kompaktor Deponie;Baumaschinen / Abbruch, Recycling & Deponie / Kompaktor Deponie
2422;Zubehör & Ersatzteile für Abbruch-, Recycling- & Deponiegeräte;Baumaschinen / Abbruch, Recycling & Deponie / Zubehör & Ersatzteile für Abbruch-, Recycling- & Deponiegeräte
1651;Abbruchgreifer;Baumaschinen / Anbaugeräte für Baumaschinen / Abbruchgreifer
1652;Abbruchhämmer;Baumaschinen / Anbaugeräte für Baumaschinen / Abbruchhämmer
1653;Abbruchscheren;Baumaschinen / Anbaugeräte für Baumaschinen / Abbruchscheren
1654;Anbaukrane;Baumaschinen / Anbaugeräte für Baumaschinen / Anbaukrane
1655;Bodenverdichter;Baumaschinen / Anbaugeräte für Baumaschinen / Bodenverdichter
1656;Brecherlöffel;Baumaschinen / Anbaugeräte für Baumaschinen / Brecherlöffel
1657;Erdbohrer;Baumaschinen / Anbaugeräte für Baumaschinen / Erdbohrer
1658;Löffel;Baumaschinen / Anbaugeräte für Baumaschinen / Löffel
1659;Palettengabeln;Baumaschinen / Anbaugeräte für Baumaschinen / Palettengabeln
1660;Pulverisierer;Baumaschinen / Anbaugeräte für Baumaschinen / Pulverisierer
1661;Reißzähne;Baumaschinen / Anbaugeräte für Baumaschinen / Reißzähne
1662;Schalengreifer;Baumaschinen / Anbaugeräte für Baumaschinen / Schalengreifer
1663;Schaufeln;Baumaschinen / Anbaugeräte für Baumaschinen / Schaufeln
1664;Schnellwechsler;Baumaschinen / Anbaugeräte für Baumaschinen / Schnellwechsler
1665;Sonstige Anbaugeräte für Baumaschinen;Baumaschinen / Anbaugeräte für Baumaschinen / Sonstige Anbaugeräte für Baumaschinen
1666;Zubehör & Ersatzteile für Anbaugeräte (Bauwesen);Baumaschinen / Anbaugeräte für Baumaschinen / Zubehör & Ersatzteile für Anbaugeräte (Bauwesen)
2219;Raupenarbeitsbühnen;Baumaschinen / Arbeitsbühnen & Transportbühnen / Raupenarbeitsbühnen
2207;Scherenarbeitsbühnen;Baumaschinen / Arbeitsbühnen & Transportbühnen / Scherenarbeitsbühnen
2210;Selbstfahrende Arbeitsbühnen;Baumaschinen / Arbeitsbühnen & Transportbühnen / Selbstfahrende Arbeitsbühnen
2216;Sonstige Arbeitsbühnen;Baumaschinen / Arbeitsbühnen & Transportbühnen / Sonstige Arbeitsbühnen
2213;Spezial-Arbeitsbühnen;Baumaschinen / Arbeitsbühnen & Transportbühnen / Spezial-Arbeitsbühnen
2222;Teleskoparbeitsbühnen;Baumaschinen / Arbeitsbühnen & Transportbühnen / Teleskoparbeitsbühnen
1669;Abbruchbagger;Baumaschinen / Asphalttechnik / Abbruchbagger
2225;Asphaltfertiger;Baumaschinen / Asphalttechnik / Asphaltfertiger
1667;Asphaltfräsen;Baumaschinen / Asphalttechnik / Asphaltfräsen
2228;Asphaltmischanlage;Baumaschinen / Asphalttechnik / Asphaltmischanlage
1676;Asphaltmischanlagen - Zubehör;Baumaschinen / Asphalttechnik / Asphaltmischanlagen - Zubehör
1674;Asphaltmischanlagen - mobil;Baumaschinen / Asphalttechnik / Asphaltmischanlagen - mobil
1675;Asphaltmischanlagen - stationär;Baumaschinen / Asphalttechnik / Asphaltmischanlagen - stationär
1678;Asphaltrecycler;Baumaschinen / Asphalttechnik / Asphaltrecycler
1668;Beschicker;Baumaschinen / Asphalttechnik / Beschicker
1670;Gusskocher;Baumaschinen / Asphalttechnik / Gusskocher
1671;Kettenfertiger;Baumaschinen / Asphalttechnik / Kettenfertiger
1672;Kleinfertiger;Baumaschinen / Asphalttechnik / Kleinfertiger
1673;Micromaschinen;Baumaschinen / Asphalttechnik / Micromaschinen
1677;Radfertiger;Baumaschinen / Asphalttechnik / Radfertiger
1947;Sonstige Asphalttechnik;Baumaschinen / Asphalttechnik / Sonstige Asphalttechnik
1679;Splitmaschinen;Baumaschinen / Asphalttechnik / Splitmaschinen
1680;Thermo Container;Baumaschinen / Asphalttechnik / Thermo Container
1681;Zubehör & Ersatzteile für Asphalttechnik;Baumaschinen / Asphalttechnik / Zubehör & Ersatzteile für Asphalttechnik
861;Abbruchbagger;Baumaschinen / Bagger / Abbruchbagger
1683;Baggerlader;Baumaschinen / Bagger / Baggerlader
862;Friedhofsbagger;Baumaschinen / Bagger / Friedhofsbagger
1442;Hochlöffelbagger;Baumaschinen / Bagger / Hochlöffelbagger
863;Hydraulikbagger;Baumaschinen / Bagger / Hydraulikbagger
864;Kettenbagger;Baumaschinen / Bagger / Kettenbagger
865;Minibagger;Baumaschinen / Bagger / Minibagger
866;Mobilbagger;Baumaschinen / Bagger / Mobilbagger
867;Raupenbagger;Baumaschinen / Bagger / Raupenbagger
1682;Saugbagger;Baumaschinen / Bagger / Saugbagger
868;Schreitbagger;Baumaschinen / Bagger / Schreitbagger
1179;Schwimmbagger;Baumaschinen / Bagger / Schwimmbagger
869;Seilbagger;Baumaschinen / Bagger / Seilbagger
874;Sonstige Bagger;Baumaschinen / Bagger / Sonstige Bagger
870;Teleskopbagger;Baumaschinen / Bagger / Teleskopbagger
871;Umschlagbagger;Baumaschinen / Bagger / Umschlagbagger
873;Zubehör & Ersatzteile für Bagger;Baumaschinen / Bagger / Zubehör & Ersatzteile für Bagger
872;Zweiwegebagger;Baumaschinen / Bagger / Zweiwegebagger
112;Baucontainer;Baumaschinen / Baucontainer
106;Baugeräte;Baumaschinen / Baugeräte
104;Baumaschinenanhänger;Baumaschinen / Baumaschinenanhänger
108;Baustoffherstellung;Baumaschinen / Baustoffherstellung
107;Baustoffprüfgeräte;Baumaschinen / Baustoffprüfgeräte
120;Betonpressen;Baumaschinen / Betonpressen
1684;Anhänger-Betonpumpe;Baumaschinen / Betontechnik & Mörtelaufbereitung / Anhänger-Betonpumpe
1685;Autobetonpumpen;Baumaschinen / Betontechnik & Mörtelaufbereitung / Autobetonpumpen
1691;Betonmischanlagen - Zubehör;Baumaschinen / Betontechnik & Mörtelaufbereitung / Betonmischanlagen - Zubehör
1689;Betonmischanlagen - mobil;Baumaschinen / Betontechnik & Mörtelaufbereitung / Betonmischanlagen - mobil
1690;Betonmischanlagen - stationär;Baumaschinen / Betontechnik & Mörtelaufbereitung / Betonmischanlagen - stationär
1694;Betonsteinfertigungsanlagen;Baumaschinen / Betontechnik & Mörtelaufbereitung / Betonsteinfertigungsanlagen
1692;Betonsteinformen;Baumaschinen / Betontechnik & Mörtelaufbereitung / Betonsteinformen
1693;Betonsteinmaschinen;Baumaschinen / Betontechnik & Mörtelaufbereitung / Betonsteinmaschinen
1686;Fahrmischer;Baumaschinen / Betontechnik & Mörtelaufbereitung / Fahrmischer
1687;Fertigteileinrichtungen;Baumaschinen / Betontechnik & Mörtelaufbereitung / Fertigteileinrichtungen
1688;Gleitschalungsfertiger;Baumaschinen / Betontechnik & Mörtelaufbereitung / Gleitschalungsfertiger
1695;Zubehör & Ersatzteile für Betontechnik & Mörtelaufbereitung;Baumaschinen / Betontechnik & Mörtelaufbereitung / Zubehör & Ersatzteile für Betontechnik & Mörtelaufbereitung
775;Bodenstabilisierer;Baumaschinen / Bodenstabilisierer
1696;Bohrgeräte - Brunnenbau;Baumaschinen / Bohrgeräte / Bohrgeräte - Brunnenbau
1697;Bohrgeräte - horizontal;Baumaschinen / Bohrgeräte / Bohrgeräte - horizontal
1698;Bohrgeräte - vertikal;Baumaschinen / Bohrgeräte / Bohrgeräte - vertikal
1699;Sonstige Bohrgeräte;Baumaschinen / Bohrgeräte / Sonstige Bohrgeräte
1700;Zubehör & Ersatzteile für Bohrgeräte;Baumaschinen / Bohrgeräte / Zubehör & Ersatzteile für Bohrgeräte
1701;Knickgelenkdumper;Baumaschinen / Dumper / Knickgelenkdumper
1702;Minidumper;Baumaschinen / Dumper / Minidumper
1703;Muldenkipper starr;Baumaschinen / Dumper / Muldenkipper starr
1704;Raupendumper;Baumaschinen / Dumper / Raupendumper
1705;Zubehör & Ersatzteile für Dumper;Baumaschinen / Dumper / Zubehör & Ersatzteile für Dumper
1717;Achsen;Baumaschinen / Ersatzteile & Zubehör für Baumaschinen / Achsen
1736;Benzinmotoren für Baumaschinen;Baumaschinen / Ersatzteile & Zubehör für Baumaschinen / Benzinmotoren für Baumaschinen
1718;Dichtungssätze;Baumaschinen / Ersatzteile & Zubehör für Baumaschinen / Dichtungssätze
1737;Dieselmotoren für Baumaschinen;Baumaschinen / Ersatzteile & Zubehör für Baumaschinen / Dieselmotoren für Baumaschinen
1719;Drehdurchführung;Baumaschinen / Ersatzteile & Zubehör für Baumaschinen / Drehdurchführung
1720;Drehkränze;Baumaschinen / Ersatzteile & Zubehör für Baumaschinen / Drehkränze
1721;Drehmomentwandler;Baumaschinen / Ersatzteile & Zubehör für Baumaschinen / Drehmomentwandler
1722;Drehwerksgetriebe;Baumaschinen / Ersatzteile & Zubehör für Baumaschinen / Drehwerksgetriebe
1723;Elektrik;Baumaschinen / Ersatzteile & Zubehör für Baumaschinen / Elektrik
1738;Elektromotoren für Baumaschinen;Baumaschinen / Ersatzteile & Zubehör für Baumaschinen / Elektromotoren für Baumaschinen
1724;Ersatzteilträger;Baumaschinen / Ersatzteile & Zubehör für Baumaschinen / Ersatzteilträger
1725;Fahrwerke;Baumaschinen / Ersatzteile & Zubehör für Baumaschinen / Fahrwerke
1726;Filtersätze;Baumaschinen / Ersatzteile & Zubehör für Baumaschinen / Filtersätze
1727;Gelenkwellen;Baumaschinen / Ersatzteile & Zubehör für Baumaschinen / Gelenkwellen
1728;Getriebe für Baumaschinen;Baumaschinen / Ersatzteile & Zubehör für Baumaschinen / Getriebe für Baumaschinen
1729;Hydrauliktechnik;Baumaschinen / Ersatzteile & Zubehör für Baumaschinen / Hydrauliktechnik
1730;Karosserie;Baumaschinen / Ersatzteile & Zubehör für Baumaschinen / Karosserie
1731;Ketten;Baumaschinen / Ersatzteile & Zubehör für Baumaschinen / Ketten
1732;Kraftstofftechnik;Baumaschinen / Ersatzteile & Zubehör für Baumaschinen / Kraftstofftechnik
1733;Kühltechnik für Baumaschinen;Baumaschinen / Ersatzteile & Zubehör für Baumaschinen / Kühltechnik für Baumaschinen
1734;Ladeschwinge & Ausleger;Baumaschinen / Ersatzteile & Zubehör für Baumaschinen / Ladeschwinge & Ausleger
1735;Lastschaltgetriebe;Baumaschinen / Ersatzteile & Zubehör für Baumaschinen / Lastschaltgetriebe
1739;Motorenteile;Baumaschinen / Ersatzteile & Zubehör für Baumaschinen / Motorenteile
1740;Partikelfilter;Baumaschinen / Ersatzteile & Zubehör für Baumaschinen / Partikelfilter
1741;Planetensätze;Baumaschinen / Ersatzteile & Zubehör für Baumaschinen / Planetensätze
1742;Reifen & Räder für Baumaschinen;Baumaschinen / Ersatzteile & Zubehör für Baumaschinen / Reifen & Räder für Baumaschinen
1743;Sonstige Ersatzteile & Zubehör für Baumaschinen;Baumaschinen / Ersatzteile & Zubehör für Baumaschinen / Sonstige Ersatzteile & Zubehör für Baumaschinen
1744;Steuerblöcke & Ventile;Baumaschinen / Ersatzteile & Zubehör für Baumaschinen / Steuerblöcke & Ventile
2204;Estrichpumpe;Baumaschinen / Estrichpumpe
1707;Baumstumpffräsen;Baumaschinen / Fräsen (Bauwesen) / Baumstumpffräsen
1708;Grabenfräsen;Baumaschinen / Fräsen (Bauwesen) / Grabenfräsen
1709;Mobilfräsen;Baumaschinen / Fräsen (Bauwesen) / Mobilfräsen
1710;Universalfräsen;Baumaschinen / Fräsen (Bauwesen) / Universalfräsen
1706;Zubehör & Ersatzteile für Fräsen (Bauwesen);Baumaschinen / Fräsen (Bauwesen) / Zubehör & Ersatzteile für Fräsen (Bauwesen)
776;Gleisbaumaschinen;Baumaschinen / Gleisbaumaschinen
524;Grabenfräsen;Baumaschinen / Grabenfräsen
114;Grader;Baumaschinen / Grader
115;Kanalbau & Rohrbau;Baumaschinen / Kanalbau & Rohrbau
116;Kipper;Baumaschinen / Kipper
117;Kompressoren;Baumaschinen / Kompressoren
1745;Autokräne;Baumaschinen / Krane / Autokräne
1746;Hochbaukrane-Obendreher;Baumaschinen / Krane / Hochbaukrane-Obendreher
1747;Hochbaukrane-Untendreher;Baumaschinen / Krane / Hochbaukrane-Untendreher
1748;Mobilkrane;Baumaschinen / Krane / Mobilkrane
1749;Raupenkrane;Baumaschinen / Krane / Raupenkrane
1750;Sonstige Krane;Baumaschinen / Krane / Sonstige Krane
1751;Zubehör & Ersatzteile für Krane;Baumaschinen / Krane / Zubehör & Ersatzteile für Krane
816;Hoflader;Baumaschinen / Lader / Hoflader
817;Kleinlader;Baumaschinen / Lader / Kleinlader
818;Knicklader;Baumaschinen / Lader / Knicklader
819;Kompaktlader;Baumaschinen / Lader / Kompaktlader
820;Radlader;Baumaschinen / Lader / Radlader
822;Schwenklader;Baumaschinen / Lader / Schwenklader
824;Sonstige Lader;Baumaschinen / Lader / Sonstige Lader
821;Teleskoplader;Baumaschinen / Lader / Teleskoplader
823;Zubehör & Ersatzteile für Lader;Baumaschinen / Lader / Zubehör & Ersatzteile für Lader
2231;Leitern & Gerüste;Baumaschinen / Leitern & Gerüste
2426;Lichtmasten;Baumaschinen / Lichtmasten
1760;Papierproduktionsanlagen;Baumaschinen / Produktionsanlagen / Papierproduktionsanlagen
1757;Produktionsanlagen für Gestein;Baumaschinen / Produktionsanlagen / Produktionsanlagen für Gestein
1758;Produktionsanlagen für Metall;Baumaschinen / Produktionsanlagen / Produktionsanlagen für Metall
1759;Produktionsanlagen für Müll;Baumaschinen / Produktionsanlagen / Produktionsanlagen für Müll
121;Pumpen;Baumaschinen / Pumpen
122;Putzmaschinen;Baumaschinen / Putzmaschinen
778;Raddozer;Baumaschinen / Raddozer
123;Rammen & Ziehgeräte;Baumaschinen / Rammen & Ziehgeräte
1753;Laderaupen;Baumaschinen / Raupen / Laderaupen
1754;Planierraupen & Bulldozer;Baumaschinen / Raupen / Planierraupen & Bulldozer
1755;Rohrleger;Baumaschinen / Raupen / Rohrleger
1756;Schürfkübelraupen;Baumaschinen / Raupen / Schürfkübelraupen
1948;Sonstige Raupen;Baumaschinen / Raupen / Sonstige Raupen
1752;Zubehör & Ersatzteile für Raupen;Baumaschinen / Raupen / Zubehör & Ersatzteile für Raupen
125;Rüttelplatten;Baumaschinen / Rüttelplatten
126;Schalungstechnik;Baumaschinen / Schalungstechnik
127;Schleifen & Schneiden;Baumaschinen / Schleifen & Schneiden
779;Scraper;Baumaschinen / Scraper
111;Siebanlagen & Brechanlagen;Baumaschinen / Siebanlagen & Brechanlagen
664;Spezial-Baumaschinen;Baumaschinen / Spezial-Baumaschinen
128;Stampfer;Baumaschinen / Stampfer
129;Stanz- & Biegemaschinen (Bauwesen);Baumaschinen / Stanz- & Biegemaschinen (Bauwesen)
131;Straßenfertiger;Baumaschinen / Straßenfertiger
132;Stromgenerator & Stromerzeuger;Baumaschinen / Stromgenerator & Stromerzeuger
780;Tunnelbaumaschinen;Baumaschinen / Tunnelbaumaschinen
1711;Anhängewalzen;Baumaschinen / Walzen für Bau & Straßenbau / Anhängewalzen
1712;Grabenwalzen;Baumaschinen / Walzen für Bau & Straßenbau / Grabenwalzen
1713;Kombiwalzen;Baumaschinen / Walzen für Bau & Straßenbau / Kombiwalzen
1950;Sonstige Walzen;Baumaschinen / Walzen für Bau & Straßenbau / Sonstige Walzen
1714;Tandemwalzen;Baumaschinen / Walzen für Bau & Straßenbau / Tandemwalzen
1715;Walzenzüge;Baumaschinen / Walzen für Bau & Straßenbau / Walzenzüge
1716;Zubehör & Ersatzteile für Walzen für Bau & Straßenbau;Baumaschinen / Walzen für Bau & Straßenbau / Zubehör & Ersatzteile für Walzen für Bau & Straßenbau
135;Werkzeuge;Baumaschinen / Werkzeuge
190;Aktenvernichter;Bürotechnik / Aktenvernichter
191;Bürodrucker;Bürotechnik / Bürodrucker
197;Büromöbel;Bürotechnik / Büromöbel
737;Computerprogramme;Bürotechnik / Computerprogramme
192;Falzmaschinen;Bürotechnik / Falzmaschinen
193;Frankiermaschinen;Bürotechnik / Frankiermaschinen
754;Geldbearbeitungsmaschinen;Bürotechnik / Geldbearbeitungsmaschinen
195;Kopierer;Bürotechnik / Kopierer
194;Kuvertiermaschinen;Bürotechnik / Kuvertiermaschinen
196;Lichtpausmaschinen;Bürotechnik / Lichtpausmaschinen
198;Schreibmaschinen;Bürotechnik / Schreibmaschinen
668;Sonstige Bürotechnik;Bürotechnik / Sonstige Bürotechnik
199;Telefonanlagen & Faxgeräte;Bürotechnik / Telefonanlagen & Faxgeräte
200;Tresore;Bürotechnik / Tresore
201;Videoprojektionsgeräte;Bürotechnik / Videoprojektionsgeräte
616;Absauganlagen;Chemische & pharmazeutische Maschinen / Absauganlagen
617;Abwasseranlagen;Chemische & pharmazeutische Maschinen / Abwasseranlagen
618;Behälter;Chemische & pharmazeutische Maschinen / Behälter
619;Dampferzeugung;Chemische & pharmazeutische Maschinen / Dampferzeugung
620;Dosieranlagen;Chemische & pharmazeutische Maschinen / Dosieranlagen
621;Entsorgungsanlagen;Chemische & pharmazeutische Maschinen / Entsorgungsanlagen
622;Filtrieranlagen;Chemische & pharmazeutische Maschinen / Filtrieranlagen
623;Förderanlagen;Chemische & pharmazeutische Maschinen / Förderanlagen
624;Füll- & Verschließmaschinen;Chemische & pharmazeutische Maschinen / Füll- & Verschließmaschinen
625;Kapselmaschinen;Chemische & pharmazeutische Maschinen / Kapselmaschinen
626;Laboreinrichtungen;Chemische & pharmazeutische Maschinen / Laboreinrichtungen
637;Laborwaagen;Chemische & pharmazeutische Maschinen / Laborwaagen
629;Laboröfen;Chemische & pharmazeutische Maschinen / Laboröfen
627;Mixer;Chemische & pharmazeutische Maschinen / Mixer
628;Mühlen;Chemische & pharmazeutische Maschinen / Mühlen
630;Pressen für Pharma & Chemie;Chemische & pharmazeutische Maschinen / Pressen für Pharma & Chemie
631;Pumpen;Chemische & pharmazeutische Maschinen / Pumpen
632;Reaktoren, Kessel & Behälter;Chemische & pharmazeutische Maschinen / Reaktoren, Kessel & Behälter
633;Rührwerke & Mischanlagen;Chemische & pharmazeutische Maschinen / Rührwerke & Mischanlagen
634;Siloanlagen;Chemische & pharmazeutische Maschinen / Siloanlagen
662;Sonstige chemische & pharmazeutische Maschinen;Chemische & pharmazeutische Maschinen / Sonstige chemische & pharmazeutische Maschinen
635;Trocknungsanlagen;Chemische & pharmazeutische Maschinen / Trocknungsanlagen
636;Verpackungsmaschinen;Chemische & pharmazeutische Maschinen / Verpackungsmaschinen
639;Wärmebehandlung;Chemische & pharmazeutische Maschinen / Wärmebehandlung
638;Wärmetauscher;Chemische & pharmazeutische Maschinen / Wärmetauscher
640;Zentrifugen;Chemische & pharmazeutische Maschinen / Zentrifugen
641;Zerkleinerungsmaschinen;Chemische & pharmazeutische Maschinen / Zerkleinerungsmaschinen
473;Ablaufhaspel;Drahtverarbeitungsmaschinen / Ablaufhaspel
472;Ablängautomaten;Drahtverarbeitungsmaschinen / Ablängautomaten
753;Anfasmaschinen;Drahtverarbeitungsmaschinen / Anfasmaschinen
474;Anspitzmaschinen;Drahtverarbeitungsmaschinen / Anspitzmaschinen
475;Drahtbiegemaschine & Biegeteilherstellungsmaschinen;Drahtverarbeitungsmaschinen / Drahtbiegemaschine & Biegeteilherstellungsmaschinen
476;Drahterodiermaschinen;Drahtverarbeitungsmaschinen / Drahterodiermaschinen
477;Drahtgitterschweißmaschinen;Drahtverarbeitungsmaschinen / Drahtgitterschweißmaschinen
478;Drahtrichtmaschinen;Drahtverarbeitungsmaschinen / Drahtrichtmaschinen
479;Drahtschneidemaschinen;Drahtverarbeitungsmaschinen / Drahtschneidemaschinen
480;Drahtstiftpressen;Drahtverarbeitungsmaschinen / Drahtstiftpressen
481;Drahtwebstühle;Drahtverarbeitungsmaschinen / Drahtwebstühle
482;Drahtziehmaschinen;Drahtverarbeitungsmaschinen / Drahtziehmaschinen
483;Federendeschleifmaschinen;Drahtverarbeitungsmaschinen / Federendeschleifmaschinen
484;Federn-Herstellungsmaschinen;Drahtverarbeitungsmaschinen / Federn-Herstellungsmaschinen
485;Federn-Prüfgeräte;Drahtverarbeitungsmaschinen / Federn-Prüfgeräte
750;Federwickelmaschinen;Drahtverarbeitungsmaschinen / Federwickelmaschinen
486;Galvanisieranlagen;Drahtverarbeitungsmaschinen / Galvanisieranlagen
487;Grobzüge;Drahtverarbeitungsmaschinen / Grobzüge
488;Heftklammermaschinen;Drahtverarbeitungsmaschinen / Heftklammermaschinen
741;Kabelherstellungsmaschinen;Drahtverarbeitungsmaschinen / Kabelherstellungsmaschinen
489;Kettenherstellungsmaschinen;Drahtverarbeitungsmaschinen / Kettenherstellungsmaschinen
705;Kneifmaschinen;Drahtverarbeitungsmaschinen / Kneifmaschinen
490;Krippmaschinen;Drahtverarbeitungsmaschinen / Krippmaschinen
492;Pressen für die Drahtverarbeitung;Drahtverarbeitungsmaschinen / Pressen für die Drahtverarbeitung
491;Putzmaschinen;Drahtverarbeitungsmaschinen / Putzmaschinen
493;Schraubenherstellungsmaschinen;Drahtverarbeitungsmaschinen / Schraubenherstellungsmaschinen
676;Sonstige Drahtverarbeitungsmaschinen;Drahtverarbeitungsmaschinen / Sonstige Drahtverarbeitungsmaschinen
494;Spuler & Aufwickler;Drahtverarbeitungsmaschinen / Spuler & Aufwickler
727;Stacheldrahtmaschinen;Drahtverarbeitungsmaschinen / Stacheldrahtmaschinen
495;Stumpfschweißmaschinen;Drahtverarbeitungsmaschinen / Stumpfschweißmaschinen
496;Verpackungsanlagen;Drahtverarbeitungsmaschinen / Verpackungsanlagen
497;Viereckgeflechtmaschinen;Drahtverarbeitungsmaschinen / Viereckgeflechtmaschinen
498;Zuführgeräte;Drahtverarbeitungsmaschinen / Zuführgeräte
2073;3D Drucker;Druckereimaschinen & Druckmaschinen / 3D Drucker
708;Bedruckmaschinen;Druckereimaschinen & Druckmaschinen / Bedruckmaschinen
174;Buchbindereimaschinen;Druckereimaschinen & Druckmaschinen / Buchbindereimaschinen
176;Buchdruckmaschinen;Druckereimaschinen & Druckmaschinen / Buchdruckmaschinen
177;Digitaldruckmaschinen;Druckereimaschinen & Druckmaschinen / Digitaldruckmaschinen
842;Andruckpressen;Druckereimaschinen & Druckmaschinen / Druckvorstufe / Andruckpressen
843;Belichter;Druckereimaschinen & Druckmaschinen / Druckvorstufe / Belichter
844;Drucker;Druckereimaschinen & Druckmaschinen / Druckvorstufe / Drucker
1139;Einbrennöfen;Druckereimaschinen & Druckmaschinen / Druckvorstufe / Einbrennöfen
845;Entwicklungsmaschinen;Druckereimaschinen & Druckmaschinen / Druckvorstufe / Entwicklungsmaschinen
846;Großformatdrucker & Plotter;Druckereimaschinen & Druckmaschinen / Druckvorstufe / Großformatdrucker & Plotter
847;Kameras;Druckereimaschinen & Druckmaschinen / Druckvorstufe / Kameras
848;Kontaktgeräte;Druckereimaschinen & Druckmaschinen / Druckvorstufe / Kontaktgeräte
849;Kopierer;Druckereimaschinen & Druckmaschinen / Druckvorstufe / Kopierer
1192;Leuchttische;Druckereimaschinen & Druckmaschinen / Druckvorstufe / Leuchttische
1138;Plattenstanzen;Druckereimaschinen & Druckmaschinen / Druckvorstufe / Plattenstanzen
850;Proofgeräte;Druckereimaschinen & Druckmaschinen / Druckvorstufe / Proofgeräte
851;Scanner;Druckereimaschinen & Druckmaschinen / Druckvorstufe / Scanner
1435;Software;Druckereimaschinen & Druckmaschinen / Druckvorstufe / Software
853;Sonstige Maschinen Druckvorstufe;Druckereimaschinen & Druckmaschinen / Druckvorstufe / Sonstige Maschinen Druckvorstufe
852;Zubehör & Ersatzteile für die Druckvorstufe;Druckereimaschinen & Druckmaschinen / Druckvorstufe / Zubehör & Ersatzteile für die Druckvorstufe
179;Etikettendruck & Stanzmaschinen;Druckereimaschinen & Druckmaschinen / Etikettendruck & Stanzmaschinen
180;Flexodruckmaschinen;Druckereimaschinen & Druckmaschinen / Flexodruckmaschinen
173;Formulardruckmaschinen;Druckereimaschinen & Druckmaschinen / Formulardruckmaschinen
181;Hochdruckmaschinen;Druckereimaschinen & Druckmaschinen / Hochdruckmaschinen
709;Kartondruckmaschinen;Druckereimaschinen & Druckmaschinen / Kartondruckmaschinen
759;Komplette Druckereien;Druckereimaschinen & Druckmaschinen / Komplette Druckereien
182;Kuvertiermaschinen;Druckereimaschinen & Druckmaschinen / Kuvertiermaschinen
832;1-Farben-Offsetdruckmaschinen;Druckereimaschinen & Druckmaschinen / Offsetdruckmaschinen / 1-Farben-Offsetdruckmaschinen
1196;10-Farben-Offsetdruckmaschinen;Druckereimaschinen & Druckmaschinen / Offsetdruckmaschinen / 10-Farben-Offsetdruckmaschinen
1441;11-Farben-Offsetdruckmaschinen;Druckereimaschinen & Druckmaschinen / Offsetdruckmaschinen / 11-Farben-Offsetdruckmaschinen
833;2-Farben-Offsetdruckmaschinen;Druckereimaschinen & Druckmaschinen / Offsetdruckmaschinen / 2-Farben-Offsetdruckmaschinen
834;3-Farben-Offsetdruckmaschinen;Druckereimaschinen & Druckmaschinen / Offsetdruckmaschinen / 3-Farben-Offsetdruckmaschinen
835;4-Farben-Offsetdruckmaschinen;Druckereimaschinen & Druckmaschinen / Offsetdruckmaschinen / 4-Farben-Offsetdruckmaschinen
836;5-Farben-Offsetdruckmaschinen;Druckereimaschinen & Druckmaschinen / Offsetdruckmaschinen / 5-Farben-Offsetdruckmaschinen
837;6-Farben-Offsetdruckmaschinen;Druckereimaschinen & Druckmaschinen / Offsetdruckmaschinen / 6-Farben-Offsetdruckmaschinen
838;7-Farben-Offsetdruckmaschinen;Druckereimaschinen & Druckmaschinen / Offsetdruckmaschinen / 7-Farben-Offsetdruckmaschinen
839;8-Farben-Offsetdruckmaschinen;Druckereimaschinen & Druckmaschinen / Offsetdruckmaschinen / 8-Farben-Offsetdruckmaschinen
841;Sonstige Offsetdruckmaschinen;Druckereimaschinen & Druckmaschinen / Offsetdruckmaschinen / Sonstige Offsetdruckmaschinen
840;Zubehör & Ersatzteile für Offsetdruckmaschinen;Druckereimaschinen & Druckmaschinen / Offsetdruckmaschinen / Zubehör & Ersatzteile für Offsetdruckmaschinen
175;Repromaschinen;Druckereimaschinen & Druckmaschinen / Repromaschinen
1356;Akzidenzdruckmaschinen;Druckereimaschinen & Druckmaschinen / Rollenoffsetdruckmaschinen / Akzidenzdruckmaschinen
1357;Endlosdruckmaschinen;Druckereimaschinen & Druckmaschinen / Rollenoffsetdruckmaschinen / Endlosdruckmaschinen
1358;Etikettendruckmaschinen (Rollenoffset);Druckereimaschinen & Druckmaschinen / Rollenoffsetdruckmaschinen / Etikettendruckmaschinen (Rollenoffset)
1359;Flexodruckmaschinen (Rollenoffset);Druckereimaschinen & Druckmaschinen / Rollenoffsetdruckmaschinen / Flexodruckmaschinen (Rollenoffset)
1360;Formulardruckmaschinen (Rollenoffset);Druckereimaschinen & Druckmaschinen / Rollenoffsetdruckmaschinen / Formulardruckmaschinen (Rollenoffset)
1361;Tiefdruckmaschinen (Rollenoffset);Druckereimaschinen & Druckmaschinen / Rollenoffsetdruckmaschinen / Tiefdruckmaschinen (Rollenoffset)
1362;Zeitungsdruckmaschinen;Druckereimaschinen & Druckmaschinen / Rollenoffsetdruckmaschinen / Zeitungsdruckmaschinen
1363;Zubehör & Ersatzteile für Rollenoffsetdruckmaschinen;Druckereimaschinen & Druckmaschinen / Rollenoffsetdruckmaschinen / Zubehör & Ersatzteile für Rollenoffsetdruckmaschinen
184;Rotationsdruckmaschinen;Druckereimaschinen & Druckmaschinen / Rotationsdruckmaschinen
185;Siebdruckmaschinen;Druckereimaschinen & Druckmaschinen / Siebdruckmaschinen
672;Sonstige Druckereimaschinen & Druckmaschinen;Druckereimaschinen & Druckmaschinen / Sonstige Druckereimaschinen & Druckmaschinen
186;Stackers;Druckereimaschinen & Druckmaschinen / Stackers
187;Tampondruckmaschinen;Druckereimaschinen & Druckmaschinen / Tampondruckmaschinen
188;Tiefdruckmaschinen;Druckereimaschinen & Druckmaschinen / Tiefdruckmaschinen
1436;Broschürenfertigungssysteme;Druckereimaschinen & Druckmaschinen / Weiterverarbeitungsmaschinen / Broschürenfertigungssysteme
1261;Falzmaschinen;Druckereimaschinen & Druckmaschinen / Weiterverarbeitungsmaschinen / Falzmaschinen
1262;Folieneinschlagmaschinen;Druckereimaschinen & Druckmaschinen / Weiterverarbeitungsmaschinen / Folieneinschlagmaschinen
1263;Heftmaschinen;Druckereimaschinen & Druckmaschinen / Weiterverarbeitungsmaschinen / Heftmaschinen
1352;Klebebinder;Druckereimaschinen & Druckmaschinen / Weiterverarbeitungsmaschinen / Klebebinder
1264;Laminiermaschinen;Druckereimaschinen & Druckmaschinen / Weiterverarbeitungsmaschinen / Laminiermaschinen
1583;Nummeriermaschinen;Druckereimaschinen & Druckmaschinen / Weiterverarbeitungsmaschinen / Nummeriermaschinen
1353;Nut- & Perforiermaschinen;Druckereimaschinen & Druckmaschinen / Weiterverarbeitungsmaschinen / Nut- & Perforiermaschinen
1265;Papierbohrmaschinen;Druckereimaschinen & Druckmaschinen / Weiterverarbeitungsmaschinen / Papierbohrmaschinen
1266;Papierzählmaschinen;Druckereimaschinen & Druckmaschinen / Weiterverarbeitungsmaschinen / Papierzählmaschinen
1267;Rütteltische;Druckereimaschinen & Druckmaschinen / Weiterverarbeitungsmaschinen / Rütteltische
1355;Sammelhefter;Druckereimaschinen & Druckmaschinen / Weiterverarbeitungsmaschinen / Sammelhefter
1268;Schneidemaschinen;Druckereimaschinen & Druckmaschinen / Weiterverarbeitungsmaschinen / Schneidemaschinen
1269;Sonstige Weiterverarbeitungsmaschinen;Druckereimaschinen & Druckmaschinen / Weiterverarbeitungsmaschinen / Sonstige Weiterverarbeitungsmaschinen
1586;Stanzen;Druckereimaschinen & Druckmaschinen / Weiterverarbeitungsmaschinen / Stanzen
1270;Stapelheber;Druckereimaschinen & Druckmaschinen / Weiterverarbeitungsmaschinen / Stapelheber
1437;Stapelwender;Druckereimaschinen & Druckmaschinen / Weiterverarbeitungsmaschinen / Stapelwender
1271;Zusammentragmaschinen;Druckereimaschinen & Druckmaschinen / Weiterverarbeitungsmaschinen / Zusammentragmaschinen
1354;Ösmaschinen;Druckereimaschinen & Druckmaschinen / Weiterverarbeitungsmaschinen / Ösmaschinen
644;Druckluftbehälter;Drucklufttechnik / Druckluftbehälter
651;Druckluftwerkzeuge;Drucklufttechnik / Druckluftwerkzeuge
645;Filter;Drucklufttechnik / Filter
1553;Atemluftkompressoren;Drucklufttechnik / Kompressoren / Atemluftkompressoren
1550;Kolbenkompressoren;Drucklufttechnik / Kompressoren / Kolbenkompressoren
1552;Rotationskompressoren;Drucklufttechnik / Kompressoren / Rotationskompressoren
1551;Schraubenkompressoren;Drucklufttechnik / Kompressoren / Schraubenkompressoren
1554;Zubehör & Ersatzteile für Kompressoren;Drucklufttechnik / Kompressoren / Zubehör & Ersatzteile für Kompressoren
647;Kühler;Drucklufttechnik / Kühler
761;Motoren;Drucklufttechnik / Motoren
648;Pumpen;Drucklufttechnik / Pumpen
762;Regler;Drucklufttechnik / Regler
693;Sonstige Drucklufttechnik;Drucklufttechnik / Sonstige Drucklufttechnik
649;Trockner;Drucklufttechnik / Trockner
650;Zubehör & Ersatzteile Drucklufttechnik;Drucklufttechnik / Zubehör & Ersatzteile Drucklufttechnik
53;Akku-Ladegeräte;Elektrowerkzeuge / Akku-Ladegeräte
52;Druckluftwerkzeuge;Elektrowerkzeuge / Druckluftwerkzeuge
50;Elektrofräsen;Elektrowerkzeuge / Elektrofräsen
47;Elektrosauger;Elektrowerkzeuge / Elektrosauger
45;Elektroschleifer;Elektrowerkzeuge / Elektroschleifer
44;Elektrosägen;Elektrowerkzeuge / Elektrosägen
54;Handbohrmaschinen & Akkuschrauber;Elektrowerkzeuge / Handbohrmaschinen & Akkuschrauber
49;Handhobelmaschinen;Elektrowerkzeuge / Handhobelmaschinen
55;Kleben, Wärmen, Schweißen & Löten;Elektrowerkzeuge / Kleben, Wärmen, Schweißen & Löten
48;Oberflächenbearbeitung;Elektrowerkzeuge / Oberflächenbearbeitung
51;Rührwerkzeuge;Elektrowerkzeuge / Rührwerkzeuge
46;Schneidwerkzeuge;Elektrowerkzeuge / Schneidwerkzeuge
678;Sonstige Elektrowerkzeuge;Elektrowerkzeuge / Sonstige Elektrowerkzeuge
2496;Batteriespeicher;Energietechnik / Batteriespeicher
2471;Biogasanlagen;Energietechnik / Biogasanlagen
56;Blockheizkraftwerke;Energietechnik / Blockheizkraftwerke
57;Dampfkessel;Energietechnik / Dampfkessel
58;Dampfturbinen;Energietechnik / Dampfturbinen
59;Dieselaggregate;Energietechnik / Dieselaggregate
60;Druckluft;Energietechnik / Druckluft
65;Ersatzteile, Komponenten & Zubehör für Energietechnik;Energietechnik / Ersatzteile, Komponenten & Zubehör für Energietechnik
61;Gastechnik;Energietechnik / Gastechnik
62;Generatoren;Energietechnik / Generatoren
63;Heizungen & Gebläse;Energietechnik / Heizungen & Gebläse
64;Kälteanlagen;Energietechnik / Kälteanlagen
66;Notstromaggregate;Energietechnik / Notstromaggregate
67;Photovoltaik Module;Energietechnik / Photovoltaik Module
2501;Photovoltaik Wechselrichter;Energietechnik / Photovoltaik Wechselrichter
68;Schaltanlagen & Schaltkomponenten;Energietechnik / Schaltanlagen & Schaltkomponenten
671;Sonstige Energietechnik;Energietechnik / Sonstige Energietechnik
69;Stromerzeuger;Energietechnik / Stromerzeuger
70;Transformatoren;Energietechnik / Transformatoren
782;Unterbrechungsfreie Stromversorgung (USV);Energietechnik / Unterbrechungsfreie Stromversorgung (USV)
72;Wasserkraftanlagen;Energietechnik / Wasserkraftanlagen
73;Windkraftanlagen;Energietechnik / Windkraftanlagen
2491;Wärmepumpen;Energietechnik / Wärmepumpen
71;Wärmetauscher;Energietechnik / Wärmetauscher
363;Elektromotoren;Fördertechnik & Antriebstechnik / Elektromotoren
364;Förderanlagen;Fördertechnik & Antriebstechnik / Förderanlagen
365;Förderbänder;Fördertechnik & Antriebstechnik / Förderbänder
367;Hubtische;Fördertechnik & Antriebstechnik / Hubtische
366;Hubwagen;Fördertechnik & Antriebstechnik / Hubwagen
368;Kettenzüge & Hebetechnik;Fördertechnik & Antriebstechnik / Kettenzüge & Hebetechnik
369;Magnete;Fördertechnik & Antriebstechnik / Magnete
370;Pumpen;Fördertechnik & Antriebstechnik / Pumpen
371;Rollenbahnen;Fördertechnik & Antriebstechnik / Rollenbahnen
372;Scherentische;Fördertechnik & Antriebstechnik / Scherentische
373;Schüttgüterförderer;Fördertechnik & Antriebstechnik / Schüttgüterförderer
674;Sonstige Fördertechnik & Antriebstechnik;Fördertechnik & Antriebstechnik / Sonstige Fördertechnik & Antriebstechnik
374;Vibratoren;Fördertechnik & Antriebstechnik / Vibratoren
514;Glasbohrmaschinen;Glasbearbeitung & Keramikbearbeitung / Glasbohrmaschinen
515;Glasformgebungsmaschinen;Glasbearbeitung & Keramikbearbeitung / Glasformgebungsmaschinen
516;Glashärteöfen;Glasbearbeitung & Keramikbearbeitung / Glashärteöfen
517;Glasschleifmaschinen;Glasbearbeitung & Keramikbearbeitung / Glasschleifmaschinen
518;Glasschneidetische;Glasbearbeitung & Keramikbearbeitung / Glasschneidetische
519;Isolierglasherstellungsmaschinen;Glasbearbeitung & Keramikbearbeitung / Isolierglasherstellungsmaschinen
520;Pressen für Glas & Keramik;Glasbearbeitung & Keramikbearbeitung / Pressen für Glas & Keramik
521;Scherbenaufbereitung;Glasbearbeitung & Keramikbearbeitung / Scherbenaufbereitung
681;Sonstige Glasbearbeitung & Keramikbearbeitung;Glasbearbeitung & Keramikbearbeitung / Sonstige Glasbearbeitung & Keramikbearbeitung
522;Tonbearbeitung;Glasbearbeitung & Keramikbearbeitung / Tonbearbeitung
523;Ziegeleimaschinen;Glasbearbeitung & Keramikbearbeitung / Ziegeleimaschinen
156;Abbundanlagen;Holzbearbeitungsmaschinen / Abbundanlagen
1415;Absackfilter;Holzbearbeitungsmaschinen / Absauganlagen / Absackfilter
1414;Absauganlagen (mobil);Holzbearbeitungsmaschinen / Absauganlagen / Absauganlagen (mobil)
1413;Absauganlagen (stationär);Holzbearbeitungsmaschinen / Absauganlagen / Absauganlagen (stationär)
1416;Absaugrohre;Holzbearbeitungsmaschinen / Absauganlagen / Absaugrohre
1417;Entfeuchter;Holzbearbeitungsmaschinen / Absauganlagen / Entfeuchter
1418;Entstauber;Holzbearbeitungsmaschinen / Absauganlagen / Entstauber
2068;Farbnebelabsaugungen;Holzbearbeitungsmaschinen / Absauganlagen / Farbnebelabsaugungen
1593;Luftbefeuchtungsanlagen;Holzbearbeitungsmaschinen / Absauganlagen / Luftbefeuchtungsanlagen
1420;Sonstige Absauganlagen;Holzbearbeitungsmaschinen / Absauganlagen / Sonstige Absauganlagen
1419;Ventilatoren;Holzbearbeitungsmaschinen / Absauganlagen / Ventilatoren
710;Anschläge & Hilfsmittel;Holzbearbeitungsmaschinen / Anschläge & Hilfsmittel
743;Bedienungsanleitungen;Holzbearbeitungsmaschinen / Bedienungsanleitungen
711;Beschneidungsmaschinen;Holzbearbeitungsmaschinen / Beschneidungsmaschinen
922;Astlochbohrmaschinen;Holzbearbeitungsmaschinen / Bohrmaschinen / Astlochbohrmaschinen
923;Beschlagbohrmaschinen;Holzbearbeitungsmaschinen / Bohrmaschinen / Beschlagbohrmaschinen
2080;Durchlaufbohrmaschinen;Holzbearbeitungsmaschinen / Bohrmaschinen / Durchlaufbohrmaschinen
924;Dübelbohrmaschinen;Holzbearbeitungsmaschinen / Bohrmaschinen / Dübelbohrmaschinen
925;Langlochbohrmaschinen;Holzbearbeitungsmaschinen / Bohrmaschinen / Langlochbohrmaschinen
926;Lochreihenbohrmaschinen;Holzbearbeitungsmaschinen / Bohrmaschinen / Lochreihenbohrmaschinen
927;Mehrspindelbohrmaschinen;Holzbearbeitungsmaschinen / Bohrmaschinen / Mehrspindelbohrmaschinen
928;Reihenbohrmaschinen;Holzbearbeitungsmaschinen / Bohrmaschinen / Reihenbohrmaschinen
935;Sonstige Bohrmaschinen;Holzbearbeitungsmaschinen / Bohrmaschinen / Sonstige Bohrmaschinen
929;Säulenbohrmaschinen;Holzbearbeitungsmaschinen / Bohrmaschinen / Säulenbohrmaschinen
930;Tieflochbohrmaschinen;Holzbearbeitungsmaschinen / Bohrmaschinen / Tieflochbohrmaschinen
931;Tischbohrmaschinen;Holzbearbeitungsmaschinen / Bohrmaschinen / Tischbohrmaschinen
932;Topfbandbohrmaschinen;Holzbearbeitungsmaschinen / Bohrmaschinen / Topfbandbohrmaschinen
933;Universalbohrmaschinen;Holzbearbeitungsmaschinen / Bohrmaschinen / Universalbohrmaschinen
934;Zubehör & Ersatzteile für Bohrmaschinen;Holzbearbeitungsmaschinen / Bohrmaschinen / Zubehör & Ersatzteile für Bohrmaschinen
162;Bürstmaschinen;Holzbearbeitungsmaschinen / Bürstmaschinen
2077;Aggregate & Winkelgetriebe;Holzbearbeitungsmaschinen / CNC-Bearbeitungszentren für Holz / Aggregate & Winkelgetriebe
2074;Horizontale Bearbeitungszentren mit Durchlauf (Holz);Holzbearbeitungsmaschinen / CNC-Bearbeitungszentren für Holz / Horizontale Bearbeitungszentren mit Durchlauf (Holz)
2075;Horizontale Bearbeitungszentren mit Flachtisch oder Rastertisch (Holz);Holzbearbeitungsmaschinen / CNC-Bearbeitungszentren für Holz / Horizontale Bearbeitungszentren mit Flachtisch oder Rastertisch (Holz)
2076;Horizontale Bearbeitungszentren mit Traversentisch (Holz);Holzbearbeitungsmaschinen / CNC-Bearbeitungszentren für Holz / Horizontale Bearbeitungszentren mit Traversentisch (Holz)
2502;Vertikale Bearbeitungszentren (Holz);Holzbearbeitungsmaschinen / CNC-Bearbeitungszentren für Holz / Vertikale Bearbeitungszentren (Holz)
2078;Werkzeuge für CNC-Bearbeitungszentren (Holz);Holzbearbeitungsmaschinen / CNC-Bearbeitungszentren für Holz / Werkzeuge für CNC-Bearbeitungszentren (Holz)
2079;Zubehör & Ersatzteile für CNC-Bearbeitungszentren (Holz);Holzbearbeitungsmaschinen / CNC-Bearbeitungszentren für Holz / Zubehör & Ersatzteile für CNC-Bearbeitungszentren (Holz)
163;Doppelendprofiler;Holzbearbeitungsmaschinen / Doppelendprofiler
138;Drechselbänke & Drehmaschinen;Holzbearbeitungsmaschinen / Drechselbänke & Drehmaschinen
1086;Beschlagcenter;Holzbearbeitungsmaschinen / Fensterbaumaschinen / Beschlagcenter
1087;Beschlagscheren & Stanzen;Holzbearbeitungsmaschinen / Fensterbaumaschinen / Beschlagscheren & Stanzen
1088;Bohr- & Dübeleintreibmaschinen;Holzbearbeitungsmaschinen / Fensterbaumaschinen / Bohr- & Dübeleintreibmaschinen
1089;Doppelgehrungssägen für Holzfensterbau;Holzbearbeitungsmaschinen / Fensterbaumaschinen / Doppelgehrungssägen für Holzfensterbau
1090;Dreh- & Kipptische;Holzbearbeitungsmaschinen / Fensterbaumaschinen / Dreh- & Kipptische
1091;Ecklager- & Scherenlagerbohrmaschinen;Holzbearbeitungsmaschinen / Fensterbaumaschinen / Ecklager- & Scherenlagerbohrmaschinen
1092;Fein- & Hydrohobelmaschinen;Holzbearbeitungsmaschinen / Fensterbaumaschinen / Fein- & Hydrohobelmaschinen
1093;Fensterlackieranlagen;Holzbearbeitungsmaschinen / Fensterbaumaschinen / Fensterlackieranlagen
1512;Fensterwerkzeuge;Holzbearbeitungsmaschinen / Fensterbaumaschinen / Fensterwerkzeuge
1094;Gehrungssägen für Holz-Fensterbau;Holzbearbeitungsmaschinen / Fensterbaumaschinen / Gehrungssägen für Holz-Fensterbau
1095;Glasleistensägen;Holzbearbeitungsmaschinen / Fensterbaumaschinen / Glasleistensägen
1096;Keilzinkenanlagen;Holzbearbeitungsmaschinen / Fensterbaumaschinen / Keilzinkenanlagen
1097;Komplette Produktionslinien;Holzbearbeitungsmaschinen / Fensterbaumaschinen / Komplette Produktionslinien
1098;Lamellierpressen;Holzbearbeitungsmaschinen / Fensterbaumaschinen / Lamellierpressen
1099;Lochplattenpressen;Holzbearbeitungsmaschinen / Fensterbaumaschinen / Lochplattenpressen
1100;Montagestationen;Holzbearbeitungsmaschinen / Fensterbaumaschinen / Montagestationen
1101;Rahmenpressen;Holzbearbeitungsmaschinen / Fensterbaumaschinen / Rahmenpressen
1102;Rollenbahnen;Holzbearbeitungsmaschinen / Fensterbaumaschinen / Rollenbahnen
1103;Rundbogenfräsgeräte;Holzbearbeitungsmaschinen / Fensterbaumaschinen / Rundbogenfräsgeräte
1104;Schleifmaschinen für Holzfensterbau;Holzbearbeitungsmaschinen / Fensterbaumaschinen / Schleifmaschinen für Holzfensterbau
1111;Sonstige Holz-Fensterbaumaschinen;Holzbearbeitungsmaschinen / Fensterbaumaschinen / Sonstige Holz-Fensterbaumaschinen
1105;Topfbandbohrmaschinen;Holzbearbeitungsmaschinen / Fensterbaumaschinen / Topfbandbohrmaschinen
1106;Umfälzautomaten;Holzbearbeitungsmaschinen / Fensterbaumaschinen / Umfälzautomaten
1107;Verglasungspressen;Holzbearbeitungsmaschinen / Fensterbaumaschinen / Verglasungspressen
1108;Vierseitenhobelmaschinen;Holzbearbeitungsmaschinen / Fensterbaumaschinen / Vierseitenhobelmaschinen
1109;Winkelanlagen;Holzbearbeitungsmaschinen / Fensterbaumaschinen / Winkelanlagen
1110;Zapfenschneid- & Schlitzmaschinen;Holzbearbeitungsmaschinen / Fensterbaumaschinen / Zapfenschneid- & Schlitzmaschinen
165;Finiermaschinen;Holzbearbeitungsmaschinen / Finiermaschinen
2083;Ausklinkfräsen;Holzbearbeitungsmaschinen / Fräsen (Holz) / Ausklinkfräsen
967;Doppelspindelfräsen;Holzbearbeitungsmaschinen / Fräsen (Holz) / Doppelspindelfräsen
968;Dübelfräsen;Holzbearbeitungsmaschinen / Fräsen (Holz) / Dübelfräsen
969;Formfräsmaschinen;Holzbearbeitungsmaschinen / Fräsen (Holz) / Formfräsmaschinen
970;Kantenfräsen;Holzbearbeitungsmaschinen / Fräsen (Holz) / Kantenfräsen
971;Karussellfräsen;Holzbearbeitungsmaschinen / Fräsen (Holz) / Karussellfräsen
1190;Kettenfräsen;Holzbearbeitungsmaschinen / Fräsen (Holz) / Kettenfräsen
972;Klappladenfräsmaschinen;Holzbearbeitungsmaschinen / Fräsen (Holz) / Klappladenfräsmaschinen
973;Kopieroberfräsen;Holzbearbeitungsmaschinen / Fräsen (Holz) / Kopieroberfräsen
974;Kopierunterfräsen;Holzbearbeitungsmaschinen / Fräsen (Holz) / Kopierunterfräsen
975;Kreuzsprossenfräsen;Holzbearbeitungsmaschinen / Fräsen (Holz) / Kreuzsprossenfräsen
976;Langlochfräsmaschinen;Holzbearbeitungsmaschinen / Fräsen (Holz) / Langlochfräsmaschinen
977;Oberfräsmaschinen;Holzbearbeitungsmaschinen / Fräsen (Holz) / Oberfräsmaschinen
978;Profilfräsmaschinen;Holzbearbeitungsmaschinen / Fräsen (Holz) / Profilfräsmaschinen
979;Rundstabfräsen;Holzbearbeitungsmaschinen / Fräsen (Holz) / Rundstabfräsen
980;Schwenkfräsen;Holzbearbeitungsmaschinen / Fräsen (Holz) / Schwenkfräsen
981;Schwenkspindelfräsen;Holzbearbeitungsmaschinen / Fräsen (Holz) / Schwenkspindelfräsen
987;Sonstige Holzfräsen;Holzbearbeitungsmaschinen / Fräsen (Holz) / Sonstige Holzfräsen
982;Starrfräsen;Holzbearbeitungsmaschinen / Fräsen (Holz) / Starrfräsen
983;Tischfräsen;Holzbearbeitungsmaschinen / Fräsen (Holz) / Tischfräsen
1549;Treppenfräsen;Holzbearbeitungsmaschinen / Fräsen (Holz) / Treppenfräsen
984;Zapfenfräsmaschinen;Holzbearbeitungsmaschinen / Fräsen (Holz) / Zapfenfräsmaschinen
985;Zinkenfräsen;Holzbearbeitungsmaschinen / Fräsen (Holz) / Zinkenfräsen
986;Zubehör & Ersatzteile für Holzfräsen;Holzbearbeitungsmaschinen / Fräsen (Holz) / Zubehör & Ersatzteile für Holzfräsen
1571;Furnierklebemaschinen;Holzbearbeitungsmaschinen / Furnierherstellungsmaschinen / Furnierklebemaschinen
1572;Furniernähmaschinen;Holzbearbeitungsmaschinen / Furnierherstellungsmaschinen / Furniernähmaschinen
1573;Furnierpressen;Holzbearbeitungsmaschinen / Furnierherstellungsmaschinen / Furnierpressen
1575;Furnierscheren;Holzbearbeitungsmaschinen / Furnierherstellungsmaschinen / Furnierscheren
1576;Furnierstanzen;Holzbearbeitungsmaschinen / Furnierherstellungsmaschinen / Furnierstanzen
1574;Furniersägen;Holzbearbeitungsmaschinen / Furnierherstellungsmaschinen / Furniersägen
1577;Furnierzusammensetzmaschinen;Holzbearbeitungsmaschinen / Furnierherstellungsmaschinen / Furnierzusammensetzmaschinen
2081;Leimauftragsmaschinen;Holzbearbeitungsmaschinen / Furnierherstellungsmaschinen / Leimauftragsmaschinen
1578;Sonstige Furnierherstellungsmaschinen;Holzbearbeitungsmaschinen / Furnierherstellungsmaschinen / Sonstige Furnierherstellungsmaschinen
1579;Zubehör & Ersatzteile für Furnierherstellungsmaschinen;Holzbearbeitungsmaschinen / Furnierherstellungsmaschinen / Zubehör & Ersatzteile für Furnierherstellungsmaschinen
139;Förderanlagen;Holzbearbeitungsmaschinen / Förderanlagen
141;Heizungsanlagen;Holzbearbeitungsmaschinen / Heizungsanlagen
854;Abricht- & Dickenhobel kombiniert;Holzbearbeitungsmaschinen / Hobelmaschinen / Abricht- & Dickenhobel kombiniert
855;Abrichthobelmaschinen;Holzbearbeitungsmaschinen / Hobelmaschinen / Abrichthobelmaschinen
856;Breithobelmaschinen;Holzbearbeitungsmaschinen / Hobelmaschinen / Breithobelmaschinen
857;Dickenhobelmaschinen;Holzbearbeitungsmaschinen / Hobelmaschinen / Dickenhobelmaschinen
858;Hobel- & Kehlautomaten;Holzbearbeitungsmaschinen / Hobelmaschinen / Hobel- & Kehlautomaten
1650;Hobelbänke;Holzbearbeitungsmaschinen / Hobelmaschinen / Hobelbänke
860;Sonstige Holzhobelmaschinen;Holzbearbeitungsmaschinen / Hobelmaschinen / Sonstige Holzhobelmaschinen
859;Zubehör & Ersatzteile für Hobelmaschinen;Holzbearbeitungsmaschinen / Hobelmaschinen / Zubehör & Ersatzteile für Hobelmaschinen
159;Holzhacker;Holzbearbeitungsmaschinen / Holzhacker
763;Holzspalter;Holzbearbeitungsmaschinen / Holzspalter
875;Doppelseitige Kantenanleimmaschinen;Holzbearbeitungsmaschinen / Kantenanleimmaschinen / Doppelseitige Kantenanleimmaschinen
876;Formteil-Kantenanleimmaschinen;Holzbearbeitungsmaschinen / Kantenanleimmaschinen / Formteil-Kantenanleimmaschinen
877;Kantenanleimmaschinen;Holzbearbeitungsmaschinen / Kantenanleimmaschinen / Kantenanleimmaschinen
878;Kantenbeleimmaschinen;Holzbearbeitungsmaschinen / Kantenanleimmaschinen / Kantenbeleimmaschinen
879;Kantenfräsmaschinen;Holzbearbeitungsmaschinen / Kantenanleimmaschinen / Kantenfräsmaschinen
880;Kantenpressen;Holzbearbeitungsmaschinen / Kantenanleimmaschinen / Kantenpressen
881;Softforming-Maschinen;Holzbearbeitungsmaschinen / Kantenanleimmaschinen / Softforming-Maschinen
883;Sonstige Kantenanleimmaschinen;Holzbearbeitungsmaschinen / Kantenanleimmaschinen / Sonstige Kantenanleimmaschinen
882;Zubehör & Ersatzteile für Kantenanleimmaschinen;Holzbearbeitungsmaschinen / Kantenanleimmaschinen / Zubehör & Ersatzteile für Kantenanleimmaschinen
169;Keilzinkenanlagen;Holzbearbeitungsmaschinen / Keilzinkenanlagen
144;Kombinierte Maschinen;Holzbearbeitungsmaschinen / Kombinierte Maschinen
772;Komplette Betriebe & Maschinenpakete;Holzbearbeitungsmaschinen / Komplette Betriebe & Maschinenpakete
145;Kompressoren;Holzbearbeitungsmaschinen / Kompressoren
1391;Arbeitsständer;Holzbearbeitungsmaschinen / Lackieranlagen / Arbeitsständer
1392;Beizanlagen;Holzbearbeitungsmaschinen / Lackieranlagen / Beizanlagen
1393;Farbnebelabsaugungen;Holzbearbeitungsmaschinen / Lackieranlagen / Farbnebelabsaugungen
1394;Farbspritzgeräte;Holzbearbeitungsmaschinen / Lackieranlagen / Farbspritzgeräte
1396;Flächenspritzmaschinen;Holzbearbeitungsmaschinen / Lackieranlagen / Flächenspritzmaschinen
1397;Heißwachsgeräte;Holzbearbeitungsmaschinen / Lackieranlagen / Heißwachsgeräte
1399;Komplette Lackieranlagen;Holzbearbeitungsmaschinen / Lackieranlagen / Komplette Lackieranlagen
1400;Lackgießmaschinen;Holzbearbeitungsmaschinen / Lackieranlagen / Lackgießmaschinen
1401;Luftbefeuchter;Holzbearbeitungsmaschinen / Lackieranlagen / Luftbefeuchter
1395;Rollenbahnen & Transportbänder;Holzbearbeitungsmaschinen / Lackieranlagen / Rollenbahnen & Transportbänder
1403;Sonstige Lackieranlagen;Holzbearbeitungsmaschinen / Lackieranlagen / Sonstige Lackieranlagen
1402;Spritzwände;Holzbearbeitungsmaschinen / Lackieranlagen / Spritzwände
1398;Trockner;Holzbearbeitungsmaschinen / Lackieranlagen / Trockner
1421;Walzauftragmaschinen;Holzbearbeitungsmaschinen / Lackieranlagen / Walzauftragmaschinen
1404;Zuluft-Umluft-Geräte;Holzbearbeitungsmaschinen / Lackieranlagen / Zuluft-Umluft-Geräte
160;Leimauftragsmaschinen;Holzbearbeitungsmaschinen / Leimauftragsmaschinen
172;Nagler & Klammergeräte;Holzbearbeitungsmaschinen / Nagler & Klammergeräte
171;Optimierungskappanlagen;Holzbearbeitungsmaschinen / Optimierungskappanlagen
167;Palettenherstellungsmaschinen;Holzbearbeitungsmaschinen / Palettenherstellungsmaschinen
757;Parkettmaschinen;Holzbearbeitungsmaschinen / Parkettmaschinen
161;Postformingmaschinen;Holzbearbeitungsmaschinen / Postformingmaschinen
911;Blockpressen;Holzbearbeitungsmaschinen / Pressen für Holz & Späne / Blockpressen
909;Brikettierpressen;Holzbearbeitungsmaschinen / Pressen für Holz & Späne / Brikettierpressen
910;Durchlaufpressen;Holzbearbeitungsmaschinen / Pressen für Holz & Späne / Durchlaufpressen
912;Furnierpressen;Holzbearbeitungsmaschinen / Pressen für Holz & Späne / Furnierpressen
913;Kantenpressen;Holzbearbeitungsmaschinen / Pressen für Holz & Späne / Kantenpressen
914;Karussellpressen;Holzbearbeitungsmaschinen / Pressen für Holz & Späne / Karussellpressen
915;Korpuspressen;Holzbearbeitungsmaschinen / Pressen für Holz & Späne / Korpuspressen
916;Membranpressen & Vakuumpressen;Holzbearbeitungsmaschinen / Pressen für Holz & Späne / Membranpressen & Vakuumpressen
1977;Minizinkenpressen;Holzbearbeitungsmaschinen / Pressen für Holz & Späne / Minizinkenpressen
917;Pelletierpressen;Holzbearbeitungsmaschinen / Pressen für Holz & Späne / Pelletierpressen
918;Rahmenpressen;Holzbearbeitungsmaschinen / Pressen für Holz & Späne / Rahmenpressen
921;Sonstige Holzpressen;Holzbearbeitungsmaschinen / Pressen für Holz & Späne / Sonstige Holzpressen
919;Verleimpressen;Holzbearbeitungsmaschinen / Pressen für Holz & Späne / Verleimpressen
920;Zubehör & Ersatzteile für Holzpressen;Holzbearbeitungsmaschinen / Pressen für Holz & Späne / Zubehör & Ersatzteile für Holzpressen
1193;Bodenschleifmaschinen;Holzbearbeitungsmaschinen / Schleifmaschinen für Holz / Bodenschleifmaschinen
1406;Breitbandschleifmaschinen 0-999mm Arbeitsbreite;Holzbearbeitungsmaschinen / Schleifmaschinen für Holz / Breitbandschleifmaschinen 0-999mm Arbeitsbreite
1407;Breitbandschleifmaschinen 1000-1099mm Arbeitsbreite;Holzbearbeitungsmaschinen / Schleifmaschinen für Holz / Breitbandschleifmaschinen 1000-1099mm Arbeitsbreite
1408;Breitbandschleifmaschinen 1100-1199mm Arbeitsbreite;Holzbearbeitungsmaschinen / Schleifmaschinen für Holz / Breitbandschleifmaschinen 1100-1199mm Arbeitsbreite
1409;Breitbandschleifmaschinen 1200-1299mm Arbeitsbreite;Holzbearbeitungsmaschinen / Schleifmaschinen für Holz / Breitbandschleifmaschinen 1200-1299mm Arbeitsbreite
1411;Breitbandschleifmaschinen 1300-1499mm Arbeitsbreite;Holzbearbeitungsmaschinen / Schleifmaschinen für Holz / Breitbandschleifmaschinen 1300-1499mm Arbeitsbreite
1410;Breitbandschleifmaschinen 1500-1999mm Arbeitsbreite;Holzbearbeitungsmaschinen / Schleifmaschinen für Holz / Breitbandschleifmaschinen 1500-1999mm Arbeitsbreite
1412;Breitbandschleifmaschinen über 2000mm Arbeitsbreite;Holzbearbeitungsmaschinen / Schleifmaschinen für Holz / Breitbandschleifmaschinen über 2000mm Arbeitsbreite
825;Furnierschleifmaschinen;Holzbearbeitungsmaschinen / Schleifmaschinen für Holz / Furnierschleifmaschinen
826;Kantenschleifmaschinen & Profilschleifmaschinen;Holzbearbeitungsmaschinen / Schleifmaschinen für Holz / Kantenschleifmaschinen & Profilschleifmaschinen
827;Kontaktschleifmaschinen;Holzbearbeitungsmaschinen / Schleifmaschinen für Holz / Kontaktschleifmaschinen
2069;Kreuzschliffautomaten;Holzbearbeitungsmaschinen / Schleifmaschinen für Holz / Kreuzschliffautomaten
828;Langbandschleifmaschinen;Holzbearbeitungsmaschinen / Schleifmaschinen für Holz / Langbandschleifmaschinen
1199;Leistenschleifmaschinen;Holzbearbeitungsmaschinen / Schleifmaschinen für Holz / Leistenschleifmaschinen
829;Poliermaschinen;Holzbearbeitungsmaschinen / Schleifmaschinen für Holz / Poliermaschinen
1274;Rahmenschleifmaschinen;Holzbearbeitungsmaschinen / Schleifmaschinen für Holz / Rahmenschleifmaschinen
1273;Rundstabschleifmaschinen;Holzbearbeitungsmaschinen / Schleifmaschinen für Holz / Rundstabschleifmaschinen
1580;Scheibenschleifmaschinen;Holzbearbeitungsmaschinen / Schleifmaschinen für Holz / Scheibenschleifmaschinen
831;Sonstige Holzschleifmaschinen;Holzbearbeitungsmaschinen / Schleifmaschinen für Holz / Sonstige Holzschleifmaschinen
830;Zubehör & Ersatzteile für Holzschleifmaschinen;Holzbearbeitungsmaschinen / Schleifmaschinen für Holz / Zubehör & Ersatzteile für Holzschleifmaschinen
2070;Zylinderschleifmaschinen;Holzbearbeitungsmaschinen / Schleifmaschinen für Holz / Zylinderschleifmaschinen
151;Schärfmaschinen;Holzbearbeitungsmaschinen / Schärfmaschinen
768;Software;Holzbearbeitungsmaschinen / Software
659;Sonstige Holzbearbeitungsmaschinen;Holzbearbeitungsmaschinen / Sonstige Holzbearbeitungsmaschinen
166;Spanplattenherstellung;Holzbearbeitungsmaschinen / Spanplattenherstellung
164;Stapel- & Abstapelmaschinen;Holzbearbeitungsmaschinen / Stapel- & Abstapelmaschinen
153;Stemm-Maschinen;Holzbearbeitungsmaschinen / Stemm-Maschinen
712;Strukturiermaschinen;Holzbearbeitungsmaschinen / Strukturiermaschinen
937;Bandsägemaschinen;Holzbearbeitungsmaschinen / Sägen für Holz / Bandsägemaschinen
936;Bandsägen;Holzbearbeitungsmaschinen / Sägen für Holz / Bandsägen
938;Besäumsägen;Holzbearbeitungsmaschinen / Sägen für Holz / Besäumsägen
2092;Brennholzsägen;Holzbearbeitungsmaschinen / Sägen für Holz / Brennholzsägen
939;Dekupiersäge;Holzbearbeitungsmaschinen / Sägen für Holz / Dekupiersäge
940;Doppelabkürzsägen;Holzbearbeitungsmaschinen / Sägen für Holz / Doppelabkürzsägen
941;Doppelwellenkreissägen;Holzbearbeitungsmaschinen / Sägen für Holz / Doppelwellenkreissägen
1428;Formatkreissägen 0-1500mm Schnittlänge;Holzbearbeitungsmaschinen / Sägen für Holz / Formatkreissägen 0-1500mm Schnittlänge
1430;Formatkreissägen 1501-2300mm Schnittlänge;Holzbearbeitungsmaschinen / Sägen für Holz / Formatkreissägen 1501-2300mm Schnittlänge
1431;Formatkreissägen 2301-2800mm Schnittlänge;Holzbearbeitungsmaschinen / Sägen für Holz / Formatkreissägen 2301-2800mm Schnittlänge
1429;Formatkreissägen 2801-3300mm Schnittlänge;Holzbearbeitungsmaschinen / Sägen für Holz / Formatkreissägen 2801-3300mm Schnittlänge
1432;Formatkreissägen 3301-3800mm Schnittlänge;Holzbearbeitungsmaschinen / Sägen für Holz / Formatkreissägen 3301-3800mm Schnittlänge
2032;Formatkreissägen ab 3800mm Schnittlänge;Holzbearbeitungsmaschinen / Sägen für Holz / Formatkreissägen ab 3800mm Schnittlänge
1191;Furniersägen;Holzbearbeitungsmaschinen / Sägen für Holz / Furniersägen
942;Gehrungssägen;Holzbearbeitungsmaschinen / Sägen für Holz / Gehrungssägen
944;Kappsägen;Holzbearbeitungsmaschinen / Sägen für Holz / Kappsägen
945;Klinkschnittsägen;Holzbearbeitungsmaschinen / Sägen für Holz / Klinkschnittsägen
946;Kreissägen;Holzbearbeitungsmaschinen / Sägen für Holz / Kreissägen
943;Pendelsägen;Holzbearbeitungsmaschinen / Sägen für Holz / Pendelsägen
1423;Plattenaufteilsägen 0-999mm Schnittlänge;Holzbearbeitungsmaschinen / Sägen für Holz / Plattenaufteilsägen 0-999mm Schnittlänge
1424;Plattenaufteilsägen 1000-2999mm Schnittlänge;Holzbearbeitungsmaschinen / Sägen für Holz / Plattenaufteilsägen 1000-2999mm Schnittlänge
1425;Plattenaufteilsägen 3000-3999mm Schnittlänge;Holzbearbeitungsmaschinen / Sägen für Holz / Plattenaufteilsägen 3000-3999mm Schnittlänge
1426;Plattenaufteilsägen 4000-4999mm Schnittlänge;Holzbearbeitungsmaschinen / Sägen für Holz / Plattenaufteilsägen 4000-4999mm Schnittlänge
1427;Plattenaufteilsägen ab 5000mm Schnittlänge;Holzbearbeitungsmaschinen / Sägen für Holz / Plattenaufteilsägen ab 5000mm Schnittlänge
2095;Plattensägen stehend;Holzbearbeitungsmaschinen / Sägen für Holz / Plattensägen stehend
950;Sonstige Holzsägen;Holzbearbeitungsmaschinen / Sägen für Holz / Sonstige Holzsägen
2094;Tischkreissägen;Holzbearbeitungsmaschinen / Sägen für Holz / Tischkreissägen
947;Trennsägen;Holzbearbeitungsmaschinen / Sägen für Holz / Trennsägen
948;Vielblattsägen;Holzbearbeitungsmaschinen / Sägen für Holz / Vielblattsägen
949;Zubehör & Ersatzteile für Sägen (Holz);Holzbearbeitungsmaschinen / Sägen für Holz / Zubehör & Ersatzteile für Sägen (Holz)
1381;Entrinden;Holzbearbeitungsmaschinen / Sägewerke / Entrinden
1384;Fräsen;Holzbearbeitungsmaschinen / Sägewerke / Fräsen
1382;Fördern, schieben & kippen;Holzbearbeitungsmaschinen / Sägewerke / Fördern, schieben & kippen
1385;Hobelmaschinen;Holzbearbeitungsmaschinen / Sägewerke / Hobelmaschinen
1386;Imprägnieranlagen;Holzbearbeitungsmaschinen / Sägewerke / Imprägnieranlagen
1390;Komplette Sägewerke (mobil);Holzbearbeitungsmaschinen / Sägewerke / Komplette Sägewerke (mobil)
1389;Komplette Sägewerke (stationär);Holzbearbeitungsmaschinen / Sägewerke / Komplette Sägewerke (stationär)
2031;Rundholzplatz;Holzbearbeitungsmaschinen / Sägewerke / Rundholzplatz
1387;Sonstige Sägewerke;Holzbearbeitungsmaschinen / Sägewerke / Sonstige Sägewerke
1383;Sägen & trennen;Holzbearbeitungsmaschinen / Sägewerke / Sägen & trennen
1388;Trocknen;Holzbearbeitungsmaschinen / Sägewerke / Trocknen
154;Trockner;Holzbearbeitungsmaschinen / Trockner
654;Türenherstellungsmaschinen;Holzbearbeitungsmaschinen / Türenherstellungsmaschinen
643;Ummantelungsmaschinen;Holzbearbeitungsmaschinen / Ummantelungsmaschinen
655;Vorschübe;Holzbearbeitungsmaschinen / Vorschübe
155;Zimmereimaschinen;Holzbearbeitungsmaschinen / Zimmereimaschinen
1985;Zubehör & Ersatzteile für Holzbearbeitungsmaschinen;Holzbearbeitungsmaschinen / Zubehör & Ersatzteile für Holzbearbeitungsmaschinen
276;Abgasabsauganlagen;Kfz-Werkstattausrüstung / Abgasabsauganlagen
748;Achsvermessung & Spurvermessung;Kfz-Werkstattausrüstung / Achsvermessung & Spurvermessung
812;Bremsbackenschleifmaschinen;Kfz-Werkstattausrüstung / Bremsendienstmaschinen / Bremsbackenschleifmaschinen
809;Bremsbelagabdrehmaschinen;Kfz-Werkstattausrüstung / Bremsendienstmaschinen / Bremsbelagabdrehmaschinen
813;Bremsbelagnietmaschinen;Kfz-Werkstattausrüstung / Bremsendienstmaschinen / Bremsbelagnietmaschinen
1197;Bremsenheisswascher;Kfz-Werkstattausrüstung / Bremsendienstmaschinen / Bremsenheisswascher
808;Bremstrommeldrehmaschinen;Kfz-Werkstattausrüstung / Bremsendienstmaschinen / Bremstrommeldrehmaschinen
811;LKW-Bremsscheibendrehmaschinen;Kfz-Werkstattausrüstung / Bremsendienstmaschinen / LKW-Bremsscheibendrehmaschinen
810;PKW-Bremsscheibendrehmaschinen;Kfz-Werkstattausrüstung / Bremsendienstmaschinen / PKW-Bremsscheibendrehmaschinen
815;Sonstige Bremsendienstmaschinen;Kfz-Werkstattausrüstung / Bremsendienstmaschinen / Sonstige Bremsendienstmaschinen
814;Zubehör & Ersatzteile für Bremsendienstmaschinen;Kfz-Werkstattausrüstung / Bremsendienstmaschinen / Zubehör & Ersatzteile für Bremsendienstmaschinen
2436;Bremsenprüfstände;Kfz-Werkstattausrüstung / Bremsenprüfstände
278;Hebetechnik;Kfz-Werkstattausrüstung / Hebetechnik
279;Industriesauger;Kfz-Werkstattausrüstung / Industriesauger
280;Klimaservicegeräte;Kfz-Werkstattausrüstung / Klimaservicegeräte
281;Motoreninstandsetzung;Kfz-Werkstattausrüstung / Motoreninstandsetzung
282;Reifenservicegeräte;Kfz-Werkstattausrüstung / Reifenservicegeräte
657;Sonstige Kfz-Werkstattausrüstung;Kfz-Werkstattausrüstung / Sonstige Kfz-Werkstattausrüstung
283;Werkstatteinrichtungen;Kfz-Werkstattausrüstung / Werkstatteinrichtungen
408;Anaerob-Reaktoren;Klärtechnik / Anaerob-Reaktoren
409;Eindicker;Klärtechnik / Eindicker
410;Faultürme;Klärtechnik / Faultürme
411;Gasfackelanlagen;Klärtechnik / Gasfackelanlagen
412;Gebläse;Klärtechnik / Gebläse
421;Mischbecken & Ausgleichsbecken;Klärtechnik / Mischbecken & Ausgleichsbecken
413;Nachklärung;Klärtechnik / Nachklärung
414;Pumpen für Kläranlagen;Klärtechnik / Pumpen für Kläranlagen
415;Rechen;Klärtechnik / Rechen
416;Sandfänge;Klärtechnik / Sandfänge
417;Schlammentwässerung;Klärtechnik / Schlammentwässerung
682;Sonstige Klärtechnik;Klärtechnik / Sonstige Klärtechnik
418;Vorklärung;Klärtechnik / Vorklärung
419;Vorversäuerung;Klärtechnik / Vorversäuerung
420;Zubehör & Ersatzteile für Klärtechnik;Klärtechnik / Zubehör & Ersatzteile für Klärtechnik
2264;Aufsitzmäher;Kommunaltechnik / Aufsitzmäher
2405;Ersatzteile Kommunal- & Sonderfahrzeuge;Kommunaltechnik / Ersatzteile Kommunal- & Sonderfahrzeuge
2402;Feuerwehrfahrzeuge & Rettungswagen;Kommunaltechnik / Feuerwehrfahrzeuge & Rettungswagen
267;Golfplatzpflegemaschinen;Kommunaltechnik / Golfplatzpflegemaschinen
268;Holzzerkleinerer;Kommunaltechnik / Holzzerkleinerer
269;Kehrmaschinen & Straßendienstfahrzeuge;Kommunaltechnik / Kehrmaschinen & Straßendienstfahrzeuge
270;Kommunalfahrzeuge & Sonderfahrzeuge;Kommunaltechnik / Kommunalfahrzeuge & Sonderfahrzeuge
2393;Kommunalschlepper;Kommunaltechnik / Kommunalschlepper
271;Kompakttraktoren;Kommunaltechnik / Kompakttraktoren
272;Motorfräsen;Kommunaltechnik / Motorfräsen
273;Mäher (Landwirtschaft);Kommunaltechnik / Mäher (Landwirtschaft)
2399;Müllwagen & Entsorgungsfahrzeuge;Kommunaltechnik / Müllwagen & Entsorgungsfahrzeuge
2408;Pistenfahrzeuge & Pistenbully;Kommunaltechnik / Pistenfahrzeuge & Pistenbully
2396;Saugwagen & Spülfahrzeuge;Kommunaltechnik / Saugwagen & Spülfahrzeuge
2390;Sonderfahrzeuge;Kommunaltechnik / Sonderfahrzeuge
683;Sonstige Kommunalmaschinen;Kommunaltechnik / Sonstige Kommunalmaschinen
274;Umwelttechnik;Kommunaltechnik / Umwelttechnik
2414;Unimog;Kommunaltechnik / Unimog
275;Winterdienstgeräte;Kommunaltechnik / Winterdienstgeräte
445;Abzüge;Kunststoffverarbeitung & Kunststofftechnik / Abzüge
446;Agglomeratoren;Kunststoffverarbeitung & Kunststofftechnik / Agglomeratoren
448;Bearbeitungs-, Verarbeitungs- & Folgemaschinen;Kunststoffverarbeitung & Kunststofftechnik / Bearbeitungs-, Verarbeitungs- & Folgemaschinen
449;Blasformmaschinen;Kunststoffverarbeitung & Kunststofftechnik / Blasformmaschinen
450;Druckmaschinen;Kunststoffverarbeitung & Kunststofftechnik / Druckmaschinen
451;Ersatzteile, Werkzeuge & Bauteile für Kunststoffverarbeitung & Kunststofftechnik;Kunststoffverarbeitung & Kunststofftechnik / Ersatzteile, Werkzeuge & Bauteile für Kunststoffverarbeitung & Kunststofftechnik
452;Extruder & Extrusionsanlagen;Kunststoffverarbeitung & Kunststofftechnik / Extruder & Extrusionsanlagen
1060;Armierungsschrauber;Kunststoffverarbeitung & Kunststofftechnik / Fensterbaumaschinen für Kunststofffenster / Armierungsschrauber
1061;Ausklinkfräsen für Kunststoff-Fensterbau;Kunststoffverarbeitung & Kunststofftechnik / Fensterbaumaschinen für Kunststofffenster / Ausklinkfräsen für Kunststoff-Fensterbau
1062;Doppelgehrungssägen für Kunststoff-Fensterbau;Kunststoffverarbeitung & Kunststofftechnik / Fensterbaumaschinen für Kunststofffenster / Doppelgehrungssägen für Kunststoff-Fensterbau
1064;Eckenputzautomaten;Kunststoffverarbeitung & Kunststofftechnik / Fensterbaumaschinen für Kunststofffenster / Eckenputzautomaten
1065;Eckverbindungspressen für Kunststoff-Fensterbau;Kunststoffverarbeitung & Kunststofftechnik / Fensterbaumaschinen für Kunststofffenster / Eckverbindungspressen für Kunststoff-Fensterbau
1066;Einkopfschweißmaschinen;Kunststoffverarbeitung & Kunststofftechnik / Fensterbaumaschinen für Kunststofffenster / Einkopfschweißmaschinen
1067;Einrollmaschinen;Kunststoffverarbeitung & Kunststofftechnik / Fensterbaumaschinen für Kunststofffenster / Einrollmaschinen
1068;Einspindelkopierfräsen für Kunststoff-Fensterbau;Kunststoffverarbeitung & Kunststofftechnik / Fensterbaumaschinen für Kunststofffenster / Einspindelkopierfräsen für Kunststoff-Fensterbau
1069;Flügelbeschlagstationen;Kunststoffverarbeitung & Kunststofftechnik / Fensterbaumaschinen für Kunststofffenster / Flügelbeschlagstationen
1070;Gehrungssägen für Kunststoff-Fensterbau;Kunststoffverarbeitung & Kunststofftechnik / Fensterbaumaschinen für Kunststofffenster / Gehrungssägen für Kunststoff-Fensterbau
1071;Glasleistensägen für Kunststoff-Fensterbau;Kunststoffverarbeitung & Kunststofftechnik / Fensterbaumaschinen für Kunststofffenster / Glasleistensägen für Kunststoff-Fensterbau
1072;Handabstechgeräte;Kunststoffverarbeitung & Kunststofftechnik / Fensterbaumaschinen für Kunststofffenster / Handabstechgeräte
1405;Klinkschnittsägen für Kunststoff-Fensterbau;Kunststoffverarbeitung & Kunststofftechnik / Fensterbaumaschinen für Kunststofffenster / Klinkschnittsägen für Kunststoff-Fensterbau
1073;Komplette Produktionlinien;Kunststoffverarbeitung & Kunststofftechnik / Fensterbaumaschinen für Kunststofffenster / Komplette Produktionlinien
1074;Kopierfräsen für Kunststoff-Fensterbau;Kunststoffverarbeitung & Kunststofftechnik / Fensterbaumaschinen für Kunststofffenster / Kopierfräsen für Kunststoff-Fensterbau
1075;Mehrkopfschweißmaschinen;Kunststoffverarbeitung & Kunststofftechnik / Fensterbaumaschinen für Kunststofffenster / Mehrkopfschweißmaschinen
1076;Schraubautomaten;Kunststoffverarbeitung & Kunststofftechnik / Fensterbaumaschinen für Kunststofffenster / Schraubautomaten
1077;Schweißmaschinen für Kunststoff-Fensterbau;Kunststoffverarbeitung & Kunststofftechnik / Fensterbaumaschinen für Kunststofffenster / Schweißmaschinen für Kunststoff-Fensterbau
1085;Sonstige Fensterbaumaschinen (Kunststoff);Kunststoffverarbeitung & Kunststofftechnik / Fensterbaumaschinen für Kunststofffenster / Sonstige Fensterbaumaschinen (Kunststoff)
1078;Spindelkopierfräsen für Kunststoff-Fensterbau;Kunststoffverarbeitung & Kunststofftechnik / Fensterbaumaschinen für Kunststofffenster / Spindelkopierfräsen für Kunststoff-Fensterbau
1063;Stanzen für Kunststoff-Fensterbau;Kunststoffverarbeitung & Kunststofftechnik / Fensterbaumaschinen für Kunststofffenster / Stanzen für Kunststoff-Fensterbau
1079;Tischkreissägen für Kunststoff-Fensterbau;Kunststoffverarbeitung & Kunststofftechnik / Fensterbaumaschinen für Kunststofffenster / Tischkreissägen für Kunststoff-Fensterbau
1080;Türbandbohrmaschinen;Kunststoffverarbeitung & Kunststofftechnik / Fensterbaumaschinen für Kunststofffenster / Türbandbohrmaschinen
1081;Unterflursägen;Kunststoffverarbeitung & Kunststofftechnik / Fensterbaumaschinen für Kunststofffenster / Unterflursägen
1083;Verglasungspressen;Kunststoffverarbeitung & Kunststofftechnik / Fensterbaumaschinen für Kunststofffenster / Verglasungspressen
1082;Verputzautomaten;Kunststoffverarbeitung & Kunststofftechnik / Fensterbaumaschinen für Kunststofffenster / Verputzautomaten
1084;Wasserschlitzfräsen;Kunststoffverarbeitung & Kunststofftechnik / Fensterbaumaschinen für Kunststofffenster / Wasserschlitzfräsen
1364;Zubehör & Werkzeuge für Kunststoff-Fensterbaumaschinen;Kunststoffverarbeitung & Kunststofftechnik / Fensterbaumaschinen für Kunststofffenster / Zubehör & Werkzeuge für Kunststoff-Fensterbaumaschinen
2034;Zuschnitt- & Bearbeitungszentren für Kunststoff-Fensterbau;Kunststoffverarbeitung & Kunststofftechnik / Fensterbaumaschinen für Kunststofffenster / Zuschnitt- & Bearbeitungszentren für Kunststoff-Fensterbau
455;Folienbearbeitungsmaschinen;Kunststoffverarbeitung & Kunststofftechnik / Folienbearbeitungsmaschinen
454;Formen;Kunststoffverarbeitung & Kunststofftechnik / Formen
456;Granulieranlagen;Kunststoffverarbeitung & Kunststofftechnik / Granulieranlagen
457;Gummiverarbeitungsmaschinen;Kunststoffverarbeitung & Kunststofftechnik / Gummiverarbeitungsmaschinen
738;Handlinggeräte & Roboter;Kunststoffverarbeitung & Kunststofftechnik / Handlinggeräte & Roboter
739;Heiz- & Kühlgeräte;Kunststoffverarbeitung & Kunststofftechnik / Heiz- & Kühlgeräte
458;Kalander & Walzwerke;Kunststoffverarbeitung & Kunststofftechnik / Kalander & Walzwerke
459;Komplette Produktionslinien;Kunststoffverarbeitung & Kunststofftechnik / Komplette Produktionslinien
447;Kunststoffaufbereitung & Recycling;Kunststoffverarbeitung & Kunststofftechnik / Kunststoffaufbereitung & Recycling
461;Mischer;Kunststoffverarbeitung & Kunststofftechnik / Mischer
462;Mühlen (Kunststoff);Kunststoffverarbeitung & Kunststofftechnik / Mühlen (Kunststoff)
740;Peripheriegeräte;Kunststoffverarbeitung & Kunststofftechnik / Peripheriegeräte
463;Polyurethanverarbeitungsmaschinen;Kunststoffverarbeitung & Kunststofftechnik / Polyurethanverarbeitungsmaschinen
464;Pressen für Kunststoff;Kunststoffverarbeitung & Kunststofftechnik / Pressen für Kunststoff
465;Qualitätskontrollmaschinen;Kunststoffverarbeitung & Kunststofftechnik / Qualitätskontrollmaschinen
716;Schnellmaschinen;Kunststoffverarbeitung & Kunststofftechnik / Schnellmaschinen
466;Schweißmaschinen;Kunststoffverarbeitung & Kunststofftechnik / Schweißmaschinen
670;Sonstige Kunststoffverarbeitungsmaschinen & Kunststofftechnik;Kunststoffverarbeitung & Kunststofftechnik / Sonstige Kunststoffverarbeitungsmaschinen & Kunststofftechnik
1207;CD-Herstellung;Kunststoffverarbeitung & Kunststofftechnik / Spritzgießmaschinen / CD-Herstellung
1209;Greifer für Kunststoffmaschinen;Kunststoffverarbeitung & Kunststofftechnik / Spritzgießmaschinen / Greifer für Kunststoffmaschinen
1210;Mehrkomponentenspritzgießmaschinen;Kunststoffverarbeitung & Kunststofftechnik / Spritzgießmaschinen / Mehrkomponentenspritzgießmaschinen
1219;Sonstige Spritzgießmaschinen;Kunststoffverarbeitung & Kunststofftechnik / Spritzgießmaschinen / Sonstige Spritzgießmaschinen
1213;Spritzgießmaschinen Schließkraft 0 - 249 kN;Kunststoffverarbeitung & Kunststofftechnik / Spritzgießmaschinen / Spritzgießmaschinen Schließkraft 0 - 249 kN
1215;Spritzgießmaschinen Schließkraft 1.000 - 4.999 kN;Kunststoffverarbeitung & Kunststofftechnik / Spritzgießmaschinen / Spritzgießmaschinen Schließkraft 1.000 - 4.999 kN
1214;Spritzgießmaschinen Schließkraft 250 - 999 kN;Kunststoffverarbeitung & Kunststofftechnik / Spritzgießmaschinen / Spritzgießmaschinen Schließkraft 250 - 999 kN
1216;Spritzgießmaschinen Schließkraft 5.000 - 9.999 kN;Kunststoffverarbeitung & Kunststofftechnik / Spritzgießmaschinen / Spritzgießmaschinen Schließkraft 5.000 - 9.999 kN
1217;Spritzgießmaschinen Schließkraft über 10.000 kN;Kunststoffverarbeitung & Kunststofftechnik / Spritzgießmaschinen / Spritzgießmaschinen Schließkraft über 10.000 kN
1211;Spritzgießmaschinen für Metall- & Keramikverarbeitung;Kunststoffverarbeitung & Kunststofftechnik / Spritzgießmaschinen / Spritzgießmaschinen für Metall- & Keramikverarbeitung
1212;Spritzgießmaschinen für PET-Verarbeitung;Kunststoffverarbeitung & Kunststofftechnik / Spritzgießmaschinen / Spritzgießmaschinen für PET-Verarbeitung
1208;Spritzgießmaschinen für duroplastische & thermoplastische Massen;Kunststoffverarbeitung & Kunststofftechnik / Spritzgießmaschinen / Spritzgießmaschinen für duroplastische & thermoplastische Massen
1218;Zubehör & Ersatzteile für Spritzgießmaschinen;Kunststoffverarbeitung & Kunststofftechnik / Spritzgießmaschinen / Zubehör & Ersatzteile für Spritzgießmaschinen
468;Thermoformen;Kunststoffverarbeitung & Kunststofftechnik / Thermoformen
469;Tiefziehmaschinen;Kunststoffverarbeitung & Kunststofftechnik / Tiefziehmaschinen
470;Trockner;Kunststoffverarbeitung & Kunststofftechnik / Trockner
460;Veredeln, Dekorieren, Drucken & Markieren;Kunststoffverarbeitung & Kunststofftechnik / Veredeln, Dekorieren, Drucken & Markieren
471;Wickler;Kunststoffverarbeitung & Kunststofftechnik / Wickler
259;Eismaschinen;Kältetechnik / Eismaschinen
262;Klimaanlagen;Kältetechnik / Klimaanlagen
260;Kältemaschinen;Kältetechnik / Kältemaschinen
263;Kühlmöbel;Kältetechnik / Kühlmöbel
261;Kühlzellen;Kältetechnik / Kühlzellen
680;Sonstige Kältetechnik;Kältetechnik / Sonstige Kältetechnik
714;Tiefkühltunnel;Kältetechnik / Tiefkühltunnel
715;Verbundanlagen;Kältetechnik / Verbundanlagen
264;Verdampfer;Kältetechnik / Verdampfer
265;Verdichter;Kältetechnik / Verdichter
266;Verdichtersätze;Kältetechnik / Verdichtersätze
384;Aufsatzrahmen;Lagertechnik / Aufsatzrahmen
2234;Abrollcontainer;Lagertechnik / Container & Wechselbrücken / Abrollcontainer
2237;Absetzcontainer;Lagertechnik / Container & Wechselbrücken / Absetzcontainer
2240;Bulk Container;Lagertechnik / Container & Wechselbrücken / Bulk Container
1443;Bürocontainer & Wohncontainer;Lagertechnik / Container & Wechselbrücken / Bürocontainer & Wohncontainer
2243;Kühlcontainer;Lagertechnik / Container & Wechselbrücken / Kühlcontainer
2246;Sanitärcontainer;Lagertechnik / Container & Wechselbrücken / Sanitärcontainer
1444;Seecontainer & Lagercontainer;Lagertechnik / Container & Wechselbrücken / Seecontainer & Lagercontainer
1445;Sonstige Wechselbehälter & Container;Lagertechnik / Container & Wechselbrücken / Sonstige Wechselbehälter & Container
2249;Spezialcontainer;Lagertechnik / Container & Wechselbrücken / Spezialcontainer
1446;Tankcontainer;Lagertechnik / Container & Wechselbrücken / Tankcontainer
2255;Wechselbrücken mit Kofferaufbau;Lagertechnik / Container & Wechselbrücken / Wechselbrücken mit Kofferaufbau
2258;Wechselbrücken mit Kühlkoffer;Lagertechnik / Container & Wechselbrücken / Wechselbrücken mit Kühlkoffer
1794;Wechselbrücken mit Pritsche;Lagertechnik / Container & Wechselbrücken / Wechselbrücken mit Pritsche
2261;Wechselbrücken mit Pritsche & Plane;Lagertechnik / Container & Wechselbrücken / Wechselbrücken mit Pritsche & Plane
1447;Zubehör & Ersatzteile für Container;Lagertechnik / Container & Wechselbrücken / Zubehör & Ersatzteile für Container
387;Gitterboxen;Lagertechnik / Gitterboxen
388;Glaslager;Lagertechnik / Glaslager
393;Hallenkrane & Lagerkrane;Lagertechnik / Hallenkrane & Lagerkrane
656;Hochregallager;Lagertechnik / Hochregallager
731;Hubtische;Lagertechnik / Hubtische
391;Kommissionierlager;Lagertechnik / Kommissionierlager
2033;Lagerbeleuchtung & Hallenbeleuchtung;Lagertechnik / Lagerbeleuchtung & Hallenbeleuchtung
760;Lagerbühnen;Lagertechnik / Lagerbühnen
389;Lagerhallen & sonstige Hallen;Lagertechnik / Lagerhallen & sonstige Hallen
386;Durchlaufregale;Lagertechnik / Lagerregale / Durchlaufregale
734;Kabeltrommelregale;Lagertechnik / Lagerregale / Kabeltrommelregale
392;Kragarmregale;Lagertechnik / Lagerregale / Kragarmregale
395;Paletten-Durchlaufregale;Lagertechnik / Lagerregale / Paletten-Durchlaufregale
396;Paletten-Einfahrregale;Lagertechnik / Lagerregale / Paletten-Einfahrregale
707;Paletten-Freilagerregale;Lagertechnik / Lagerregale / Paletten-Freilagerregale
730;Schraubregale;Lagertechnik / Lagerregale / Schraubregale
398;Schwerlastregale;Lagertechnik / Lagerregale / Schwerlastregale
729;Steckregale;Lagertechnik / Lagerregale / Steckregale
728;Weitspannregale;Lagertechnik / Lagerregale / Weitspannregale
699;Lagerschränke für Gefahrstoffe;Lagertechnik / Lagerschränke für Gefahrstoffe
1984;Lagertanks;Lagertechnik / Lagertanks
394;Paletten;Lagertechnik / Paletten
695;Paternoster & Lagerlifte;Lagertechnik / Paternoster & Lagerlifte
397;Plattenlagerung;Lagertechnik / Plattenlagerung
765;Rollregalanlagen;Lagertechnik / Rollregalanlagen
732;Scherenhubtische;Lagertechnik / Scherenhubtische
399;Silos;Lagertechnik / Silos
666;Sonstige Lagertechnik;Lagertechnik / Sonstige Lagertechnik
752;Stapelboxen;Lagertechnik / Stapelboxen
733;Trolleyanlagen;Lagertechnik / Trolleyanlagen
2354;ATV & Quad (Landwirtschaft);Landmaschinen / ATV & Quad (Landwirtschaft)
74;Beregnungsanlage;Landmaschinen / Beregnungsanlage
791;Ackerwalzen;Landmaschinen / Bodenbearbeitungsgeräte / Ackerwalzen
2279;Eggen;Landmaschinen / Bodenbearbeitungsgeräte / Eggen
2276;Eggenkombinationen;Landmaschinen / Bodenbearbeitungsgeräte / Eggenkombinationen
2288;Grubber & Kultivatoren;Landmaschinen / Bodenbearbeitungsgeräte / Grubber & Kultivatoren
2291;Hacken (Landwirtschaft);Landmaschinen / Bodenbearbeitungsgeräte / Hacken (Landwirtschaft)
2303;Kreiseleggen;Landmaschinen / Bodenbearbeitungsgeräte / Kreiseleggen
2318;Packer (Landwirtschaft);Landmaschinen / Bodenbearbeitungsgeräte / Packer (Landwirtschaft)
2321;Pflüge;Landmaschinen / Bodenbearbeitungsgeräte / Pflüge
2327;Scheibeneggen;Landmaschinen / Bodenbearbeitungsgeräte / Scheibeneggen
75;Sonstige Bodenbearbeitungsmaschinen;Landmaschinen / Bodenbearbeitungsgeräte / Sonstige Bodenbearbeitungsmaschinen
2339;Steinzerkleinerer;Landmaschinen / Bodenbearbeitungsgeräte / Steinzerkleinerer
2466;Tiefenlockerer;Landmaschinen / Bodenbearbeitungsgeräte / Tiefenlockerer
2345;Vertikutierer (Landwirtschaft);Landmaschinen / Bodenbearbeitungsgeräte / Vertikutierer (Landwirtschaft)
2351;Zinkenrotoren;Landmaschinen / Bodenbearbeitungsgeräte / Zinkenrotoren
76;Drescher;Landmaschinen / Drescher
2273;Düngerstreuer & Kalkstreuer;Landmaschinen / Düngerstreuer & Kalkstreuer
2282;Einzelkornsägeräte;Landmaschinen / Einzelkornsägeräte
77;Erntemaschinen;Landmaschinen / Erntemaschinen
94;Ersatzteile & Zubehör für Landmaschinen;Landmaschinen / Ersatzteile & Zubehör für Landmaschinen
2285;Forstfahrzeuge;Landmaschinen / Forstfahrzeuge
79;Forstwirtschaft;Landmaschinen / Forstwirtschaft
80;Frontlader;Landmaschinen / Frontlader
81;Futtertechnik & Fütterungstechnik;Landmaschinen / Futtertechnik & Fütterungstechnik
706;Fördertechnik & Lagertechnik;Landmaschinen / Fördertechnik & Lagertechnik
785;Gemüsetechnik & Maschinen für Gemüsebau;Landmaschinen / Gemüsetechnik & Maschinen für Gemüsebau
786;Getreidelagertechnik;Landmaschinen / Getreidelagertechnik
87;Ballenpressen (Landwirtschaft);Landmaschinen / Grünlandtechnik / Ballenpressen (Landwirtschaft)
2270;Ballenwickelgeräte;Landmaschinen / Grünlandtechnik / Ballenwickelgeräte
784;Feldhäcksler;Landmaschinen / Grünlandtechnik / Feldhäcksler
694;Heumaschinen, Heuwender & Wiesengeräte;Landmaschinen / Grünlandtechnik / Heumaschinen, Heuwender & Wiesengeräte
2306;Ladewagen;Landmaschinen / Grünlandtechnik / Ladewagen
2456;Mähwerke;Landmaschinen / Grünlandtechnik / Mähwerke
2330;Silagetechnik;Landmaschinen / Grünlandtechnik / Silagetechnik
787;Sonstige Grünlandtechnik;Landmaschinen / Grünlandtechnik / Sonstige Grünlandtechnik
2342;Trockner (Landwirtschaft);Landmaschinen / Grünlandtechnik / Trockner (Landwirtschaft)
2461;Wiesenwalzen;Landmaschinen / Grünlandtechnik / Wiesenwalzen
82;Gülletechnik & Dungstreuer;Landmaschinen / Gülletechnik & Dungstreuer
2294;Heckenscheren;Landmaschinen / Heckenscheren
795;Historische Landmaschinen & Oldtimer;Landmaschinen / Historische Landmaschinen & Oldtimer
2300;Hofschlepper;Landmaschinen / Hofschlepper
789;Hopfentechnik;Landmaschinen / Hopfentechnik
78;Häcksler;Landmaschinen / Häcksler
790;Kartoffeltechnik;Landmaschinen / Kartoffeltechnik
83;Ladetechnik;Landmaschinen / Ladetechnik
2315;Mulcher;Landmaschinen / Mulcher
84;Mähdrescher;Landmaschinen / Mähdrescher
794;Obstbau- & Weinbautechnik;Landmaschinen / Obstbau- & Weinbautechnik
85;Pflanzenschutzmaschinen & Düngemaschinen;Landmaschinen / Pflanzenschutzmaschinen & Düngemaschinen
86;Pflegetechnik;Landmaschinen / Pflegetechnik
792;Reifen, Räder & Felgen für Landmaschinen;Landmaschinen / Reifen, Räder & Felgen für Landmaschinen
793;Rübentechnik;Landmaschinen / Rübentechnik
89;Schneidwerke;Landmaschinen / Schneidwerke
90;Sichelmäher;Landmaschinen / Sichelmäher
2333;Silo (Landwirtschaft);Landmaschinen / Silo (Landwirtschaft)
660;Sonstige Landmaschinen;Landmaschinen / Sonstige Landmaschinen
767;Sprühgeräte;Landmaschinen / Sprühgeräte
2336;Stalldungstreuer & Miststreuer;Landmaschinen / Stalldungstreuer & Miststreuer
2267;Aufstallung;Landmaschinen / Stalleinrichtung & Hoftechnik / Aufstallung
2297;Heizgeräte (Landwirtschaft);Landmaschinen / Stalleinrichtung & Hoftechnik / Heizgeräte (Landwirtschaft)
788;Hoftechnik;Landmaschinen / Stalleinrichtung & Hoftechnik / Hoftechnik
2312;Melktechnik & Kühltechnik;Landmaschinen / Stalleinrichtung & Hoftechnik / Melktechnik & Kühltechnik
2411;Mühlen & Mischer (Landwirtschaft);Landmaschinen / Stalleinrichtung & Hoftechnik / Mühlen & Mischer (Landwirtschaft)
2324;Reinigungsgeräte (Landwirtschaft);Landmaschinen / Stalleinrichtung & Hoftechnik / Reinigungsgeräte (Landwirtschaft)
91;Sonstige Stalleinrichtung & Hoftechnik;Landmaschinen / Stalleinrichtung & Hoftechnik / Sonstige Stalleinrichtung & Hoftechnik
2309;Stallanlagen & Lüftungsanlagen;Landmaschinen / Stalleinrichtung & Hoftechnik / Stallanlagen & Lüftungsanlagen
2348;Waagen & Wiegeeinrichtungen (Landwirtschaft);Landmaschinen / Stalleinrichtung & Hoftechnik / Waagen & Wiegeeinrichtungen (Landwirtschaft)
88;Sämaschinen & Pflanzmaschinen;Landmaschinen / Sämaschinen & Pflanzmaschinen
92;Traktoren & Schlepper (Landwirtschaft);Landmaschinen / Traktoren & Schlepper (Landwirtschaft)
93;Transportgeräte & Anhänger;Landmaschinen / Transportgeräte & Anhänger
719;Anschlagmaschinen;Lebensmitteltechnik / Anschlagmaschinen
301;Brauereianlagen;Lebensmitteltechnik / Brauereianlagen
988;Abwieger;Lebensmitteltechnik / Bäckereimaschinen / Abwieger
989;Anschlagmaschinen;Lebensmitteltechnik / Bäckereimaschinen / Anschlagmaschinen
990;Ausrollmaschinen;Lebensmitteltechnik / Bäckereimaschinen / Ausrollmaschinen
1000;Backöfen;Lebensmitteltechnik / Bäckereimaschinen / Backöfen
991;Blitzkneter;Lebensmitteltechnik / Bäckereimaschinen / Blitzkneter
1201;Brotanlagen;Lebensmitteltechnik / Bäckereimaschinen / Brotanlagen
992;Brötchenanlagen;Lebensmitteltechnik / Bäckereimaschinen / Brötchenanlagen
993;Doppeltkonuskneter;Lebensmitteltechnik / Bäckereimaschinen / Doppeltkonuskneter
1592;Feingebäcklinien;Lebensmitteltechnik / Bäckereimaschinen / Feingebäcklinien
994;Fettbackgeräte;Lebensmitteltechnik / Bäckereimaschinen / Fettbackgeräte
995;Füll- & Formmaschinen;Lebensmitteltechnik / Bäckereimaschinen / Füll- & Formmaschinen
996;Gabelkneter;Lebensmitteltechnik / Bäckereimaschinen / Gabelkneter
2091;Hebekipper;Lebensmitteltechnik / Bäckereimaschinen / Hebekipper
998;Hubkneter;Lebensmitteltechnik / Bäckereimaschinen / Hubkneter
997;Hörnchenwickelmaschinen;Lebensmitteltechnik / Bäckereimaschinen / Hörnchenwickelmaschinen
999;Kopfmaschinen;Lebensmitteltechnik / Bäckereimaschinen / Kopfmaschinen
1588;Mühlen;Lebensmitteltechnik / Bäckereimaschinen / Mühlen
1001;Planetenrührmaschinen;Lebensmitteltechnik / Bäckereimaschinen / Planetenrührmaschinen
1589;Restbrotzerkleinerer;Lebensmitteltechnik / Bäckereimaschinen / Restbrotzerkleinerer
1002;Rundwirker & Langwirkmaschinen;Lebensmitteltechnik / Bäckereimaschinen / Rundwirker & Langwirkmaschinen
1590;Sauerteiganlagen;Lebensmitteltechnik / Bäckereimaschinen / Sauerteiganlagen
1003;Schneidemaschinen;Lebensmitteltechnik / Bäckereimaschinen / Schneidemaschinen
1004;Schneidetische;Lebensmitteltechnik / Bäckereimaschinen / Schneidetische
1206;Sonstige;Lebensmitteltechnik / Bäckereimaschinen / Sonstige
1011;Sonstige Bäckereimaschinen;Lebensmitteltechnik / Bäckereimaschinen / Sonstige Bäckereimaschinen
1005;Spiralkneter;Lebensmitteltechnik / Bäckereimaschinen / Spiralkneter
1006;Teigauspressmaschinen;Lebensmitteltechnik / Bäckereimaschinen / Teigauspressmaschinen
1007;Teigausrollmaschinen;Lebensmitteltechnik / Bäckereimaschinen / Teigausrollmaschinen
1008;Teigteiler & Wirkmaschinen;Lebensmitteltechnik / Bäckereimaschinen / Teigteiler & Wirkmaschinen
1009;Wendelkneter;Lebensmitteltechnik / Bäckereimaschinen / Wendelkneter
1010;Zubehör & Ersatzteile für Bäckereimaschinen;Lebensmitteltechnik / Bäckereimaschinen / Zubehör & Ersatzteile für Bäckereimaschinen
302;Dekanter;Lebensmitteltechnik / Dekanter
303;Eismaschinen;Lebensmitteltechnik / Eismaschinen
304;Fettherstellung & Verarbeitung;Lebensmitteltechnik / Fettherstellung & Verarbeitung
305;Filter (Lebensmitteltechnik);Lebensmitteltechnik / Filter (Lebensmitteltechnik)
306;Fischverarbeitungsmaschinen;Lebensmitteltechnik / Fischverarbeitungsmaschinen
307;Fleischverarbeitungsmaschinen;Lebensmitteltechnik / Fleischverarbeitungsmaschinen
308;Gastronomiemaschinen & -Geräte;Lebensmitteltechnik / Gastronomiemaschinen & -Geräte
311;Getreideverarbeitung;Lebensmitteltechnik / Getreideverarbeitung
309;Getränkeautomaten;Lebensmitteltechnik / Getränkeautomaten
310;Getränkemaschinen;Lebensmitteltechnik / Getränkemaschinen
312;Kaffee-, Tee- & Tabakmaschinen;Lebensmitteltechnik / Kaffee-, Tee- & Tabakmaschinen
313;Kartoffelchipsherstellungsmaschinen;Lebensmitteltechnik / Kartoffelchipsherstellungsmaschinen
314;Kochkessel;Lebensmitteltechnik / Kochkessel
315;Küchentechnik;Lebensmitteltechnik / Küchentechnik
316;Kühlanlagen für Lebensmittel;Lebensmitteltechnik / Kühlanlagen für Lebensmittel
317;Labortechnik für Lebensmittel;Lebensmitteltechnik / Labortechnik für Lebensmittel
318;Lagerung & Handhabung von Lebensmitteln;Lebensmitteltechnik / Lagerung & Handhabung von Lebensmitteln
319;Maschinen für Feinkost;Lebensmitteltechnik / Maschinen für Feinkost
720;Mengenmaschinen;Lebensmitteltechnik / Mengenmaschinen
320;Milch & Milchprodukte;Lebensmitteltechnik / Milch & Milchprodukte
321;Mischanlagen für Lebensmittel;Lebensmitteltechnik / Mischanlagen für Lebensmittel
323;Molkereianlagen;Lebensmitteltechnik / Molkereianlagen
322;Mühlen für Lebensmittel;Lebensmitteltechnik / Mühlen für Lebensmittel
324;Obstverarbeitung & Gemüseverarbeitung;Lebensmitteltechnik / Obstverarbeitung & Gemüseverarbeitung
327;Pastamaschinen;Lebensmitteltechnik / Pastamaschinen
326;Popcornmaschinen;Lebensmitteltechnik / Popcornmaschinen
328;Pulverherstellung & Verarbeitung;Lebensmitteltechnik / Pulverherstellung & Verarbeitung
2082;Pumpen (Lebensmitteltechnik);Lebensmitteltechnik / Pumpen (Lebensmitteltechnik)
329;Reinigungstechnik;Lebensmitteltechnik / Reinigungstechnik
653;Räucheranlagen;Lebensmitteltechnik / Räucheranlagen
330;Separatoren für Lebensmittel;Lebensmitteltechnik / Separatoren für Lebensmittel
331;Siebanlagen für Lebensmittel;Lebensmitteltechnik / Siebanlagen für Lebensmittel
665;Sonstige Lebensmitteltechnik;Lebensmitteltechnik / Sonstige Lebensmitteltechnik
332;Süßwarenmaschinen;Lebensmitteltechnik / Süßwarenmaschinen
333;Trockner für Lebensmittel;Lebensmitteltechnik / Trockner für Lebensmittel
334;Verpackungsmaschinen;Lebensmitteltechnik / Verpackungsmaschinen
335;Waagen (Lebensmittel);Lebensmitteltechnik / Waagen (Lebensmittel)
336;Zuckerindustrieanlagen;Lebensmitteltechnik / Zuckerindustrieanlagen
325;Ölherstellung;Lebensmitteltechnik / Ölherstellung
337;Beatmungstechnik;Medizintechnik / Beatmungstechnik
351;Bildgebende Systeme;Medizintechnik / Bildgebende Systeme
338;Diagnosegeräte;Medizintechnik / Diagnosegeräte
652;Dialysetechnik;Medizintechnik / Dialysetechnik
339;Elektromedizinische Geräte;Medizintechnik / Elektromedizinische Geräte
340;Krankenhauseinrichtungen;Medizintechnik / Krankenhauseinrichtungen
341;Labortechnik;Medizintechnik / Labortechnik
342;Laser;Medizintechnik / Laser
343;Nuklearmedizinische Geräte;Medizintechnik / Nuklearmedizinische Geräte
344;Operationseinrichtungen;Medizintechnik / Operationseinrichtungen
345;Pumpen;Medizintechnik / Pumpen
346;Sehtestgeräte;Medizintechnik / Sehtestgeräte
667;Sonstige Medizintechnik;Medizintechnik / Sonstige Medizintechnik
348;Ultraschallgeräte;Medizintechnik / Ultraschallgeräte
349;Verbrauchsmaterial;Medizintechnik / Verbrauchsmaterial
350;Zahnmedizin;Medizintechnik / Zahnmedizin
347;Überwachungsgeräte;Medizintechnik / Überwachungsgeräte
401;Auswuchtmaschinen;Messtechnik & Prüftechnik / Auswuchtmaschinen
402;Koordinatenmessmaschinen;Messtechnik & Prüftechnik / Koordinatenmessmaschinen
403;Kraftmessgeräte;Messtechnik & Prüftechnik / Kraftmessgeräte
404;Messsysteme;Messtechnik & Prüftechnik / Messsysteme
405;Motorprüfstände;Messtechnik & Prüftechnik / Motorprüfstände
406;Prüftische;Messtechnik & Prüftechnik / Prüftische
689;Sonstige Messtechnik & Prüftechnik;Messtechnik & Prüftechnik / Sonstige Messtechnik & Prüftechnik
407;Werkstoffprüfung;Messtechnik & Prüftechnik / Werkstoffprüfung
2419;3D Metall-Drucker;Metallbearbeitungsmaschinen & Werkzeugmaschinen / 3D Metall-Drucker
1287;Bearbeitungszentren horizontal 0-399mm x-Weg;Metallbearbeitungsmaschinen & Werkzeugmaschinen / Bearbeitungszentren (horizontal) / Bearbeitungszentren horizontal 0-399mm x-Weg
1456;Bearbeitungszentren horizontal 1000-1199mm x-Weg;Metallbearbeitungsmaschinen & Werkzeugmaschinen / Bearbeitungszentren (horizontal) / Bearbeitungszentren horizontal 1000-1199mm x-Weg
1288;Bearbeitungszentren horizontal 400-599mm x-Weg;Metallbearbeitungsmaschinen & Werkzeugmaschinen / Bearbeitungszentren (horizontal) / Bearbeitungszentren horizontal 400-599mm x-Weg
1455;Bearbeitungszentren horizontal 600-799mm x-Weg;Metallbearbeitungsmaschinen & Werkzeugmaschinen / Bearbeitungszentren (horizontal) / Bearbeitungszentren horizontal 600-799mm x-Weg
1454;Bearbeitungszentren horizontal 800-999mm x-Weg;Metallbearbeitungsmaschinen & Werkzeugmaschinen / Bearbeitungszentren (horizontal) / Bearbeitungszentren horizontal 800-999mm x-Weg
1289;Bearbeitungszentren horizontal ab 1200mm x-Weg;Metallbearbeitungsmaschinen & Werkzeugmaschinen / Bearbeitungszentren (horizontal) / Bearbeitungszentren horizontal ab 1200mm x-Weg
1290;Sonstige horizontale Bearbeitungszentren;Metallbearbeitungsmaschinen & Werkzeugmaschinen / Bearbeitungszentren (horizontal) / Sonstige horizontale Bearbeitungszentren
1291;Zubehör & Ersatzteile für Bearbeitungszentren (horizontal);Metallbearbeitungsmaschinen & Werkzeugmaschinen / Bearbeitungszentren (horizontal) / Zubehör & Ersatzteile für Bearbeitungszentren (horizontal)
1457;Bearbeitungszentren universal 0-599mm x-Weg;Metallbearbeitungsmaschinen & Werkzeugmaschinen / Bearbeitungszentren (universal) / Bearbeitungszentren universal 0-599mm x-Weg
1458;Bearbeitungszentren universal 600-699mm x-Weg;Metallbearbeitungsmaschinen & Werkzeugmaschinen / Bearbeitungszentren (universal) / Bearbeitungszentren universal 600-699mm x-Weg
1459;Bearbeitungszentren universal 700-799mm x-Weg;Metallbearbeitungsmaschinen & Werkzeugmaschinen / Bearbeitungszentren (universal) / Bearbeitungszentren universal 700-799mm x-Weg
1460;Bearbeitungszentren universal 800-999mm x-Weg;Metallbearbeitungsmaschinen & Werkzeugmaschinen / Bearbeitungszentren (universal) / Bearbeitungszentren universal 800-999mm x-Weg
1463;Bearbeitungszentren universal ab 1000mm x-Weg;Metallbearbeitungsmaschinen & Werkzeugmaschinen / Bearbeitungszentren (universal) / Bearbeitungszentren universal ab 1000mm x-Weg
1461;Sonstige universale Bearbeitungszentren;Metallbearbeitungsmaschinen & Werkzeugmaschinen / Bearbeitungszentren (universal) / Sonstige universale Bearbeitungszentren
1462;Zubehör & Ersatzteile für Bearbeitungszentren (universal);Metallbearbeitungsmaschinen & Werkzeugmaschinen / Bearbeitungszentren (universal) / Zubehör & Ersatzteile für Bearbeitungszentren (universal)
1280;Bearbeitungszentren vertikal 0-399mm x-Weg;Metallbearbeitungsmaschinen & Werkzeugmaschinen / Bearbeitungszentren (vertikal) / Bearbeitungszentren vertikal 0-399mm x-Weg
1283;Bearbeitungszentren vertikal 1000-1199mm x-Weg;Metallbearbeitungsmaschinen & Werkzeugmaschinen / Bearbeitungszentren (vertikal) / Bearbeitungszentren vertikal 1000-1199mm x-Weg
1452;Bearbeitungszentren vertikal 1200-1699mm x-Weg;Metallbearbeitungsmaschinen & Werkzeugmaschinen / Bearbeitungszentren (vertikal) / Bearbeitungszentren vertikal 1200-1699mm x-Weg
1281;Bearbeitungszentren vertikal 400-599mm x-Weg;Metallbearbeitungsmaschinen & Werkzeugmaschinen / Bearbeitungszentren (vertikal) / Bearbeitungszentren vertikal 400-599mm x-Weg
1450;Bearbeitungszentren vertikal 600-699mm x-Weg;Metallbearbeitungsmaschinen & Werkzeugmaschinen / Bearbeitungszentren (vertikal) / Bearbeitungszentren vertikal 600-699mm x-Weg
1451;Bearbeitungszentren vertikal 700-799mm x-Weg;Metallbearbeitungsmaschinen & Werkzeugmaschinen / Bearbeitungszentren (vertikal) / Bearbeitungszentren vertikal 700-799mm x-Weg
1282;Bearbeitungszentren vertikal 800-999mm x-Weg;Metallbearbeitungsmaschinen & Werkzeugmaschinen / Bearbeitungszentren (vertikal) / Bearbeitungszentren vertikal 800-999mm x-Weg
1453;Bearbeitungszentren vertikal ab 1700mm x-Weg;Metallbearbeitungsmaschinen & Werkzeugmaschinen / Bearbeitungszentren (vertikal) / Bearbeitungszentren vertikal ab 1700mm x-Weg
1284;Sonstige vertikale Bearbeitungszentren;Metallbearbeitungsmaschinen & Werkzeugmaschinen / Bearbeitungszentren (vertikal) / Sonstige vertikale Bearbeitungszentren
1285;Zubehör & Ersatzteile für Bearbeitungszentren (vertikal);Metallbearbeitungsmaschinen & Werkzeugmaschinen / Bearbeitungszentren (vertikal) / Zubehör & Ersatzteile für Bearbeitungszentren (vertikal)
742;Bedienungsanleitungen;Metallbearbeitungsmaschinen & Werkzeugmaschinen / Bedienungsanleitungen
1024;Abfallscheren;Metallbearbeitungsmaschinen & Werkzeugmaschinen / Blechbearbeitung / Abfallscheren
1295;Abkantpressen 0-49t Druck;Metallbearbeitungsmaschinen & Werkzeugmaschinen / Blechbearbeitung / Abkantpressen 0-49t Druck
1296;Abkantpressen 100-119t Druck;Metallbearbeitungsmaschinen & Werkzeugmaschinen / Blechbearbeitung / Abkantpressen 100-119t Druck
1464;Abkantpressen 120-149t Druck;Metallbearbeitungsmaschinen & Werkzeugmaschinen / Blechbearbeitung / Abkantpressen 120-149t Druck
1465;Abkantpressen 150-199t Druck;Metallbearbeitungsmaschinen & Werkzeugmaschinen / Blechbearbeitung / Abkantpressen 150-199t Druck
1297;Abkantpressen 200-299t Druck;Metallbearbeitungsmaschinen & Werkzeugmaschinen / Blechbearbeitung / Abkantpressen 200-299t Druck
1466;Abkantpressen 50-74t Druck;Metallbearbeitungsmaschinen & Werkzeugmaschinen / Blechbearbeitung / Abkantpressen 50-74t Druck
1467;Abkantpressen 75-99t Druck;Metallbearbeitungsmaschinen & Werkzeugmaschinen / Blechbearbeitung / Abkantpressen 75-99t Druck
1946;Abkantpressen ab 300t Druck;Metallbearbeitungsmaschinen & Werkzeugmaschinen / Blechbearbeitung / Abkantpressen ab 300t Druck
1953;Ausklinkmaschinen mit festem Winkel bis 4mm;Metallbearbeitungsmaschinen & Werkzeugmaschinen / Blechbearbeitung / Ausklinkmaschinen mit festem Winkel bis 4mm
1954;Ausklinkmaschinen mit festem Winkel über 4mm;Metallbearbeitungsmaschinen & Werkzeugmaschinen / Blechbearbeitung / Ausklinkmaschinen mit festem Winkel über 4mm
1955;Ausklinkmaschinen mit verstellbarem Winkel bis 4mm;Metallbearbeitungsmaschinen & Werkzeugmaschinen / Blechbearbeitung / Ausklinkmaschinen mit verstellbarem Winkel bis 4mm
1956;Ausklinkmaschinen mit verstellbarem Winkel über 4mm;Metallbearbeitungsmaschinen & Werkzeugmaschinen / Blechbearbeitung / Ausklinkmaschinen mit verstellbarem Winkel über 4mm
1028;Bandanlagen;Metallbearbeitungsmaschinen & Werkzeugmaschinen / Blechbearbeitung / Bandanlagen
1029;Bandrichtmaschinen;Metallbearbeitungsmaschinen & Werkzeugmaschinen / Blechbearbeitung / Bandrichtmaschinen
1376;Behälterdrehvorrichtungen;Metallbearbeitungsmaschinen & Werkzeugmaschinen / Blechbearbeitung / Behälterdrehvorrichtungen
1030;Betonstahlbiegemaschinen;Metallbearbeitungsmaschinen & Werkzeugmaschinen / Blechbearbeitung / Betonstahlbiegemaschinen
1957;Biegemaschinen horizontal 0-25t;Metallbearbeitungsmaschinen & Werkzeugmaschinen / Blechbearbeitung / Biegemaschinen horizontal 0-25t
1958;Biegemaschinen horizontal 26-39t;Metallbearbeitungsmaschinen & Werkzeugmaschinen / Blechbearbeitung / Biegemaschinen horizontal 26-39t
1959;Biegemaschinen horizontal ab 40t;Metallbearbeitungsmaschinen & Werkzeugmaschinen / Blechbearbeitung / Biegemaschinen horizontal ab 40t
1032;Blechbearbeitungszentren;Metallbearbeitungsmaschinen & Werkzeugmaschinen / Blechbearbeitung / Blechbearbeitungszentren
1034;Blechentgratungsmaschinen;Metallbearbeitungsmaschinen & Werkzeugmaschinen / Blechbearbeitung / Blechentgratungsmaschinen
1031;Blechrichtanlagen;Metallbearbeitungsmaschinen & Werkzeugmaschinen / Blechbearbeitung / Blechrichtanlagen
1035;Bördelmaschinen;Metallbearbeitungsmaschinen & Werkzeugmaschinen / Blechbearbeitung / Bördelmaschinen
1036;Dornrohrbiegemaschinen;Metallbearbeitungsmaschinen & Werkzeugmaschinen / Blechbearbeitung / Dornrohrbiegemaschinen
1037;Eckverbindungsmaschinen;Metallbearbeitungsmaschinen & Werkzeugmaschinen / Blechbearbeitung / Eckverbindungsmaschinen
1038;Falzformer;Metallbearbeitungsmaschinen & Werkzeugmaschinen / Blechbearbeitung / Falzformer
1527;Handhebelscheren;Metallbearbeitungsmaschinen & Werkzeugmaschinen / Blechbearbeitung / Handhebelscheren
1039;Haspeln;Metallbearbeitungsmaschinen & Werkzeugmaschinen / Blechbearbeitung / Haspeln
1040;Knüppelscheren;Metallbearbeitungsmaschinen & Werkzeugmaschinen / Blechbearbeitung / Knüppelscheren
1585;Kraftformer;Metallbearbeitungsmaschinen & Werkzeugmaschinen / Blechbearbeitung / Kraftformer
1377;Kreisscheren;Metallbearbeitungsmaschinen & Werkzeugmaschinen / Blechbearbeitung / Kreisscheren
1041;Laserschneidmaschinen 0-2999mm x-Weg;Metallbearbeitungsmaschinen & Werkzeugmaschinen / Blechbearbeitung / Laserschneidmaschinen 0-2999mm x-Weg
1468;Laserschneidmaschinen 3000-3999mm x-Weg;Metallbearbeitungsmaschinen & Werkzeugmaschinen / Blechbearbeitung / Laserschneidmaschinen 3000-3999mm x-Weg
1469;Laserschneidmaschinen ab 4000mm x-Weg;Metallbearbeitungsmaschinen & Werkzeugmaschinen / Blechbearbeitung / Laserschneidmaschinen ab 4000mm x-Weg
1042;Laserstanzpressen;Metallbearbeitungsmaschinen & Werkzeugmaschinen / Blechbearbeitung / Laserstanzpressen
1960;Lochstanzmaschinen 0-35t;Metallbearbeitungsmaschinen & Werkzeugmaschinen / Blechbearbeitung / Lochstanzmaschinen 0-35t
1961;Lochstanzmaschinen 36-55t;Metallbearbeitungsmaschinen & Werkzeugmaschinen / Blechbearbeitung / Lochstanzmaschinen 36-55t
1962;Lochstanzmaschinen 56-90t;Metallbearbeitungsmaschinen & Werkzeugmaschinen / Blechbearbeitung / Lochstanzmaschinen 56-90t
1963;Lochstanzmaschinen ab 91t;Metallbearbeitungsmaschinen & Werkzeugmaschinen / Blechbearbeitung / Lochstanzmaschinen ab 91t
1043;Längsteilanlagen & Querteilanlagen;Metallbearbeitungsmaschinen & Werkzeugmaschinen / Blechbearbeitung / Längsteilanlagen & Querteilanlagen
1044;Nietmaschinen;Metallbearbeitungsmaschinen & Werkzeugmaschinen / Blechbearbeitung / Nietmaschinen
1045;Planscheibenbiegemaschinen;Metallbearbeitungsmaschinen & Werkzeugmaschinen / Blechbearbeitung / Planscheibenbiegemaschinen
1324;Profilieranlagen;Metallbearbeitungsmaschinen & Werkzeugmaschinen / Blechbearbeitung / Profilieranlagen
1528;Profilstahlscheren 0-49t Stanzleistung;Metallbearbeitungsmaschinen & Werkzeugmaschinen / Blechbearbeitung / Profilstahlscheren 0-49t Stanzleistung
1529;Profilstahlscheren 50-79t Stanzleistung;Metallbearbeitungsmaschinen & Werkzeugmaschinen / Blechbearbeitung / Profilstahlscheren 50-79t Stanzleistung
1530;Profilstahlscheren ab 80t Stanzleistung;Metallbearbeitungsmaschinen & Werkzeugmaschinen / Blechbearbeitung / Profilstahlscheren ab 80t Stanzleistung
1047;Richtmaschinen;Metallbearbeitungsmaschinen & Werkzeugmaschinen / Blechbearbeitung / Richtmaschinen
1968;Ring-/Profilbiegemaschinen Wellendurchmesser Aufnahme 0-30mm;Metallbearbeitungsmaschinen & Werkzeugmaschinen / Blechbearbeitung / Ring-/Profilbiegemaschinen Wellendurchmesser Aufnahme 0-30mm
1969;Ring-/Profilbiegemaschinen Wellendurchmesser Aufnahme 31-50mm;Metallbearbeitungsmaschinen & Werkzeugmaschinen / Blechbearbeitung / Ring-/Profilbiegemaschinen Wellendurchmesser Aufnahme 31-50mm
1970;Ring-/Profilbiegemaschinen Wellendurchmesser Aufnahme 51-70mm;Metallbearbeitungsmaschinen & Werkzeugmaschinen / Blechbearbeitung / Ring-/Profilbiegemaschinen Wellendurchmesser Aufnahme 51-70mm
1971;Ring-/Profilbiegemaschinen Wellendurchmesser Aufnahme ab 71mm;Metallbearbeitungsmaschinen & Werkzeugmaschinen / Blechbearbeitung / Ring-/Profilbiegemaschinen Wellendurchmesser Aufnahme ab 71mm
1049;Rohrbiegemaschinen;Metallbearbeitungsmaschinen & Werkzeugmaschinen / Blechbearbeitung / Rohrbiegemaschinen
2035;Rohrstanzmaschinen & Profilstanzmaschinen;Metallbearbeitungsmaschinen & Werkzeugmaschinen / Blechbearbeitung / Rohrstanzmaschinen & Profilstanzmaschinen
1522;Rundbiegemaschinen manuell;Metallbearbeitungsmaschinen & Werkzeugmaschinen / Blechbearbeitung / Rundbiegemaschinen manuell
1523;Rundbiegemaschinen motorisch 0-2,9mm Blechstärke;Metallbearbeitungsmaschinen & Werkzeugmaschinen / Blechbearbeitung / Rundbiegemaschinen motorisch 0-2,9mm Blechstärke
1524;Rundbiegemaschinen motorisch 3-6mm Blechstärke;Metallbearbeitungsmaschinen & Werkzeugmaschinen / Blechbearbeitung / Rundbiegemaschinen motorisch 3-6mm Blechstärke
1525;Rundbiegemaschinen motorisch 6,1-14mm Blechstärke;Metallbearbeitungsmaschinen & Werkzeugmaschinen / Blechbearbeitung / Rundbiegemaschinen motorisch 6,1-14mm Blechstärke
1526;Rundbiegemaschinen motorisch über 14mm Blechstärke;Metallbearbeitungsmaschinen & Werkzeugmaschinen / Blechbearbeitung / Rundbiegemaschinen motorisch über 14mm Blechstärke
1972;Schwenkbiegemaschinen manuell - 0-1099mm Biegelänge;Metallbearbeitungsmaschinen & Werkzeugmaschinen / Blechbearbeitung / Schwenkbiegemaschinen manuell - 0-1099mm Biegelänge
1973;Schwenkbiegemaschinen manuell - 1100-1599 mm Biegelänge;Metallbearbeitungsmaschinen & Werkzeugmaschinen / Blechbearbeitung / Schwenkbiegemaschinen manuell - 1100-1599 mm Biegelänge
1974;Schwenkbiegemaschinen manuell - 1600-2099mm Biegelänge;Metallbearbeitungsmaschinen & Werkzeugmaschinen / Blechbearbeitung / Schwenkbiegemaschinen manuell - 1600-2099mm Biegelänge
1975;Schwenkbiegemaschinen manuell - ab 2100mm Biegelänge;Metallbearbeitungsmaschinen & Werkzeugmaschinen / Blechbearbeitung / Schwenkbiegemaschinen manuell - ab 2100mm Biegelänge
1050;Schwenkbiegemaschinen motorisch 0-1999mm;Metallbearbeitungsmaschinen & Werkzeugmaschinen / Blechbearbeitung / Schwenkbiegemaschinen motorisch 0-1999mm
1470;Schwenkbiegemaschinen motorisch 2000-2999mm;Metallbearbeitungsmaschinen & Werkzeugmaschinen / Blechbearbeitung / Schwenkbiegemaschinen motorisch 2000-2999mm
1471;Schwenkbiegemaschinen motorisch 3000-3999mm;Metallbearbeitungsmaschinen & Werkzeugmaschinen / Blechbearbeitung / Schwenkbiegemaschinen motorisch 3000-3999mm
1472;Schwenkbiegemaschinen motorisch ab 4000mm;Metallbearbeitungsmaschinen & Werkzeugmaschinen / Blechbearbeitung / Schwenkbiegemaschinen motorisch ab 4000mm
1051;Sickenmaschinen & Bördelmaschinen;Metallbearbeitungsmaschinen & Werkzeugmaschinen / Blechbearbeitung / Sickenmaschinen & Bördelmaschinen
1059;Sonstige Blechbearbeitungsmaschinen;Metallbearbeitungsmaschinen & Werkzeugmaschinen / Blechbearbeitung / Sonstige Blechbearbeitungsmaschinen
1052;Spaltanlagen;Metallbearbeitungsmaschinen & Werkzeugmaschinen / Blechbearbeitung / Spaltanlagen
1053;Stanz- & Biegeautomaten;Metallbearbeitungsmaschinen & Werkzeugmaschinen / Blechbearbeitung / Stanz- & Biegeautomaten
1964;Stanz-Nibbelmaschinen CNC - Verfahrweg 0-1999mm;Metallbearbeitungsmaschinen & Werkzeugmaschinen / Blechbearbeitung / Stanz-Nibbelmaschinen CNC - Verfahrweg 0-1999mm
1965;Stanz-Nibbelmaschinen CNC - Verfahrweg 2000-2499mm;Metallbearbeitungsmaschinen & Werkzeugmaschinen / Blechbearbeitung / Stanz-Nibbelmaschinen CNC - Verfahrweg 2000-2499mm
1966;Stanz-Nibbelmaschinen CNC - Verfahrweg ab 2500mm;Metallbearbeitungsmaschinen & Werkzeugmaschinen / Blechbearbeitung / Stanz-Nibbelmaschinen CNC - Verfahrweg ab 2500mm
1967;Stanz-Nibbelmaschinen konventionell;Metallbearbeitungsmaschinen & Werkzeugmaschinen / Blechbearbeitung / Stanz-Nibbelmaschinen konventionell
1055;Streifenscheren;Metallbearbeitungsmaschinen & Werkzeugmaschinen / Blechbearbeitung / Streifenscheren
1474;Tafelscheren - hydraulisch 10-13mm Schnittstärke;Metallbearbeitungsmaschinen & Werkzeugmaschinen / Blechbearbeitung / Tafelscheren - hydraulisch 10-13mm Schnittstärke
1292;Tafelscheren - hydraulisch 5-7mm Schnittstärke;Metallbearbeitungsmaschinen & Werkzeugmaschinen / Blechbearbeitung / Tafelscheren - hydraulisch 5-7mm Schnittstärke
1473;Tafelscheren - hydraulisch 8-9mm Schnittstärke;Metallbearbeitungsmaschinen & Werkzeugmaschinen / Blechbearbeitung / Tafelscheren - hydraulisch 8-9mm Schnittstärke
1978;Tafelscheren - hydraulisch ab 14mm Schnittstärke;Metallbearbeitungsmaschinen & Werkzeugmaschinen / Blechbearbeitung / Tafelscheren - hydraulisch ab 14mm Schnittstärke
1025;Tafelscheren - hydraulisch bis 5mm Schnittstärke;Metallbearbeitungsmaschinen & Werkzeugmaschinen / Blechbearbeitung / Tafelscheren - hydraulisch bis 5mm Schnittstärke
1293;Tafelscheren - mechanisch bis 3mm Schnittstärke;Metallbearbeitungsmaschinen & Werkzeugmaschinen / Blechbearbeitung / Tafelscheren - mechanisch bis 3mm Schnittstärke
1294;Tafelscheren - mechanisch über 3mm Schnittstärke;Metallbearbeitungsmaschinen & Werkzeugmaschinen / Blechbearbeitung / Tafelscheren - mechanisch über 3mm Schnittstärke
1057;Walzen-Zangenvorschübe;Metallbearbeitungsmaschinen & Werkzeugmaschinen / Blechbearbeitung / Walzen-Zangenvorschübe
1439;Wasserstrahlschneidmaschinen;Metallbearbeitungsmaschinen & Werkzeugmaschinen / Blechbearbeitung / Wasserstrahlschneidmaschinen
1058;Zubehör & Ersatzteile für Blechbearbeitungsmaschinen;Metallbearbeitungsmaschinen & Werkzeugmaschinen / Blechbearbeitung / Zubehör & Ersatzteile für Blechbearbeitungsmaschinen
1013;Bohr-Fräsmaschinen;Metallbearbeitungsmaschinen & Werkzeugmaschinen / Bohrmaschinen & Bohrwerke / Bohr-Fräsmaschinen
1014;Bohrautomaten;Metallbearbeitungsmaschinen & Werkzeugmaschinen / Bohrmaschinen & Bohrwerke / Bohrautomaten
1976;Bohrwerkstische;Metallbearbeitungsmaschinen & Werkzeugmaschinen / Bohrmaschinen & Bohrwerke / Bohrwerkstische
1015;Bohrzentren;Metallbearbeitungsmaschinen & Werkzeugmaschinen / Bohrmaschinen & Bohrwerke / Bohrzentren
1016;Feinbohrwerke;Metallbearbeitungsmaschinen & Werkzeugmaschinen / Bohrmaschinen & Bohrwerke / Feinbohrwerke
1017;Koordinatenbohrwerke;Metallbearbeitungsmaschinen & Werkzeugmaschinen / Bohrmaschinen & Bohrwerke / Koordinatenbohrwerke
1198;Magnetbohrmaschinen;Metallbearbeitungsmaschinen & Werkzeugmaschinen / Bohrmaschinen & Bohrwerke / Magnetbohrmaschinen
1018;Mehrspindelbohrmaschinen;Metallbearbeitungsmaschinen & Werkzeugmaschinen / Bohrmaschinen & Bohrwerke / Mehrspindelbohrmaschinen
1599;Plattenbohrwerke 0-130mm Spindeldurchmesser;Metallbearbeitungsmaschinen & Werkzeugmaschinen / Bohrmaschinen & Bohrwerke / Plattenbohrwerke 0-130mm Spindeldurchmesser
1600;Plattenbohrwerke 131-160mm Spindeldurchmesser;Metallbearbeitungsmaschinen & Werkzeugmaschinen / Bohrmaschinen & Bohrwerke / Plattenbohrwerke 131-160mm Spindeldurchmesser
1601;Plattenbohrwerke ab 161mm Spindeldurchmesser;Metallbearbeitungsmaschinen & Werkzeugmaschinen / Bohrmaschinen & Bohrwerke / Plattenbohrwerke ab 161mm Spindeldurchmesser
1498;Radialbohrmaschinen 0-999mm Ausladung;Metallbearbeitungsmaschinen & Werkzeugmaschinen / Bohrmaschinen & Bohrwerke / Radialbohrmaschinen 0-999mm Ausladung
1499;Radialbohrmaschinen 1000-1299mm Ausladung;Metallbearbeitungsmaschinen & Werkzeugmaschinen / Bohrmaschinen & Bohrwerke / Radialbohrmaschinen 1000-1299mm Ausladung
1500;Radialbohrmaschinen 1300-1999mm Ausladung;Metallbearbeitungsmaschinen & Werkzeugmaschinen / Bohrmaschinen & Bohrwerke / Radialbohrmaschinen 1300-1999mm Ausladung
1501;Radialbohrmaschinen ab 2000 mm Ausladung;Metallbearbeitungsmaschinen & Werkzeugmaschinen / Bohrmaschinen & Bohrwerke / Radialbohrmaschinen ab 2000 mm Ausladung
1019;Reihenbohrmaschinen;Metallbearbeitungsmaschinen & Werkzeugmaschinen / Bohrmaschinen & Bohrwerke / Reihenbohrmaschinen
1012;Schnellradialbohrmaschinen;Metallbearbeitungsmaschinen & Werkzeugmaschinen / Bohrmaschinen & Bohrwerke / Schnellradialbohrmaschinen
1023;Sonstige Bohrmaschinen & Bohrwerke;Metallbearbeitungsmaschinen & Werkzeugmaschinen / Bohrmaschinen & Bohrwerke / Sonstige Bohrmaschinen & Bohrwerke
1020;Ständerbohrmaschinen;Metallbearbeitungsmaschinen & Werkzeugmaschinen / Bohrmaschinen & Bohrwerke / Ständerbohrmaschinen
1502;Säulenbohrmaschinen 0-19mm Bohrleistung;Metallbearbeitungsmaschinen & Werkzeugmaschinen / Bohrmaschinen & Bohrwerke / Säulenbohrmaschinen 0-19mm Bohrleistung
1503;Säulenbohrmaschinen 20-29mm Bohrleistung;Metallbearbeitungsmaschinen & Werkzeugmaschinen / Bohrmaschinen & Bohrwerke / Säulenbohrmaschinen 20-29mm Bohrleistung
1504;Säulenbohrmaschinen 30-39mm Bohrleistung;Metallbearbeitungsmaschinen & Werkzeugmaschinen / Bohrmaschinen & Bohrwerke / Säulenbohrmaschinen 30-39mm Bohrleistung
1505;Säulenbohrmaschinen 40-49mm Bohrleistung;Metallbearbeitungsmaschinen & Werkzeugmaschinen / Bohrmaschinen & Bohrwerke / Säulenbohrmaschinen 40-49mm Bohrleistung
1506;Säulenbohrmaschinen ab 50mm Bohrleistung;Metallbearbeitungsmaschinen & Werkzeugmaschinen / Bohrmaschinen & Bohrwerke / Säulenbohrmaschinen ab 50mm Bohrleistung
1021;Tieflochbohrmaschinen;Metallbearbeitungsmaschinen & Werkzeugmaschinen / Bohrmaschinen & Bohrwerke / Tieflochbohrmaschinen
1602;Tischbohrmaschinen 0-10mm Bohrleistung;Metallbearbeitungsmaschinen & Werkzeugmaschinen / Bohrmaschinen & Bohrwerke / Tischbohrmaschinen 0-10mm Bohrleistung
1603;Tischbohrmaschinen 11-16mm Bohrleistung;Metallbearbeitungsmaschinen & Werkzeugmaschinen / Bohrmaschinen & Bohrwerke / Tischbohrmaschinen 11-16mm Bohrleistung
1604;Tischbohrmaschinen ab 17mm Bohrleistung;Metallbearbeitungsmaschinen & Werkzeugmaschinen / Bohrmaschinen & Bohrwerke / Tischbohrmaschinen ab 17mm Bohrleistung
1507;Tischbohrwerke 0-79mm Spindeldurchmesser;Metallbearbeitungsmaschinen & Werkzeugmaschinen / Bohrmaschinen & Bohrwerke / Tischbohrwerke 0-79mm Spindeldurchmesser
1509;Tischbohrwerke 100-119mm Spindeldurchmesser;Metallbearbeitungsmaschinen & Werkzeugmaschinen / Bohrmaschinen & Bohrwerke / Tischbohrwerke 100-119mm Spindeldurchmesser
1510;Tischbohrwerke 120-129mm Spindeldurchmesser;Metallbearbeitungsmaschinen & Werkzeugmaschinen / Bohrmaschinen & Bohrwerke / Tischbohrwerke 120-129mm Spindeldurchmesser
1508;Tischbohrwerke 80-99mm Spindeldurchmesser;Metallbearbeitungsmaschinen & Werkzeugmaschinen / Bohrmaschinen & Bohrwerke / Tischbohrwerke 80-99mm Spindeldurchmesser
1511;Tischbohrwerke ab 130mm Spindeldurchmesser;Metallbearbeitungsmaschinen & Werkzeugmaschinen / Bohrmaschinen & Bohrwerke / Tischbohrwerke ab 130mm Spindeldurchmesser
1022;Zubehör & Ersatzteile für Bohrmaschinen & Bohrwerke;Metallbearbeitungsmaschinen & Werkzeugmaschinen / Bohrmaschinen & Bohrwerke / Zubehör & Ersatzteile für Bohrmaschinen & Bohrwerke
1127;Abstechautomaten;Metallbearbeitungsmaschinen & Werkzeugmaschinen / Drehmaschinen / Abstechautomaten
1128;CNC Dreh-Fräszentren;Metallbearbeitungsmaschinen & Werkzeugmaschinen / Drehmaschinen / CNC Dreh-Fräszentren
1548;CNC Dreh-Schleifzentren;Metallbearbeitungsmaschinen & Werkzeugmaschinen / Drehmaschinen / CNC Dreh-Schleifzentren
1026;CNC Drehmaschinen 0-199mm Drehdurchmesser;Metallbearbeitungsmaschinen & Werkzeugmaschinen / Drehmaschinen / CNC Drehmaschinen 0-199mm Drehdurchmesser
1033;CNC Drehmaschinen 200-249mm Drehdurchmesser;Metallbearbeitungsmaschinen & Werkzeugmaschinen / Drehmaschinen / CNC Drehmaschinen 200-249mm Drehdurchmesser
1531;CNC Drehmaschinen 250-299mm Drehdurchmesser;Metallbearbeitungsmaschinen & Werkzeugmaschinen / Drehmaschinen / CNC Drehmaschinen 250-299mm Drehdurchmesser
1182;CNC Drehmaschinen 300-349mm Drehdurchmesser;Metallbearbeitungsmaschinen & Werkzeugmaschinen / Drehmaschinen / CNC Drehmaschinen 300-349mm Drehdurchmesser
1532;CNC Drehmaschinen 350-399mm Drehdurchmesser;Metallbearbeitungsmaschinen & Werkzeugmaschinen / Drehmaschinen / CNC Drehmaschinen 350-399mm Drehdurchmesser
1183;CNC Drehmaschinen 400-449mm Drehdurchmesser;Metallbearbeitungsmaschinen & Werkzeugmaschinen / Drehmaschinen / CNC Drehmaschinen 400-449mm Drehdurchmesser
1533;CNC Drehmaschinen 450-499mm Drehdurchmesser;Metallbearbeitungsmaschinen & Werkzeugmaschinen / Drehmaschinen / CNC Drehmaschinen 450-499mm Drehdurchmesser
1178;CNC Drehmaschinen 500-599mm Drehdurchmesser;Metallbearbeitungsmaschinen & Werkzeugmaschinen / Drehmaschinen / CNC Drehmaschinen 500-599mm Drehdurchmesser
1534;CNC Drehmaschinen 600-699mm Drehdurchmesser;Metallbearbeitungsmaschinen & Werkzeugmaschinen / Drehmaschinen / CNC Drehmaschinen 600-699mm Drehdurchmesser
1172;CNC Drehmaschinen 700-999mm Drehdurchmesser;Metallbearbeitungsmaschinen & Werkzeugmaschinen / Drehmaschinen / CNC Drehmaschinen 700-999mm Drehdurchmesser
1056;CNC Drehmaschinen ab 1000mm Drehdurchmesser;Metallbearbeitungsmaschinen & Werkzeugmaschinen / Drehmaschinen / CNC Drehmaschinen ab 1000mm Drehdurchmesser
1614;Drehmaschinen - zyklengesteuert - 0-399mm Drehdurchmesser;Metallbearbeitungsmaschinen & Werkzeugmaschinen / Drehmaschinen / Drehmaschinen - zyklengesteuert - 0-399mm Drehdurchmesser
1615;Drehmaschinen - zyklengesteuert - 400-499mm Drehdurchmesser;Metallbearbeitungsmaschinen & Werkzeugmaschinen / Drehmaschinen / Drehmaschinen - zyklengesteuert - 400-499mm Drehdurchmesser
1616;Drehmaschinen - zyklengesteuert - 500-599mm Drehdurchmesser;Metallbearbeitungsmaschinen & Werkzeugmaschinen / Drehmaschinen / Drehmaschinen - zyklengesteuert - 500-599mm Drehdurchmesser
1617;Drehmaschinen - zyklengesteuert - ab 600mm Drehdurchmesser;Metallbearbeitungsmaschinen & Werkzeugmaschinen / Drehmaschinen / Drehmaschinen - zyklengesteuert - ab 600mm Drehdurchmesser
1129;Feindrehbänke;Metallbearbeitungsmaschinen & Werkzeugmaschinen / Drehmaschinen / Feindrehbänke
1130;Futterautomaten;Metallbearbeitungsmaschinen & Werkzeugmaschinen / Drehmaschinen / Futterautomaten
1131;Hinterdrehmaschinen;Metallbearbeitungsmaschinen & Werkzeugmaschinen / Drehmaschinen / Hinterdrehmaschinen
1132;Hohlspindeldrehmaschinen;Metallbearbeitungsmaschinen & Werkzeugmaschinen / Drehmaschinen / Hohlspindeldrehmaschinen
1610;Karusselldrehmaschinen – Doppelständer – 0-1999mm Planscheibendurchmesser;Metallbearbeitungsmaschinen & Werkzeugmaschinen / Drehmaschinen / Karusselldrehmaschinen – Doppelständer – 0-1999mm Planscheibendurchmesser
1611;Karusselldrehmaschinen – Doppelständer – 2000-2999mm Planscheibendurchmesser;Metallbearbeitungsmaschinen & Werkzeugmaschinen / Drehmaschinen / Karusselldrehmaschinen – Doppelständer – 2000-2999mm Planscheibendurchmesser
1613;Karusselldrehmaschinen – Doppelständer – ab 4000mm Planscheibendurchmesser;Metallbearbeitungsmaschinen & Werkzeugmaschinen / Drehmaschinen / Karusselldrehmaschinen – Doppelständer – ab 4000mm Planscheibendurchmesser
1612;Karusselldrehmaschinen – Doppelständer –3000-3999mm Planscheibendurchmesser;Metallbearbeitungsmaschinen & Werkzeugmaschinen / Drehmaschinen / Karusselldrehmaschinen – Doppelständer –3000-3999mm Planscheibendurchmesser
1605;Karusselldrehmaschinen – Einständer – 0-1000mm Planscheibendurchmesser;Metallbearbeitungsmaschinen & Werkzeugmaschinen / Drehmaschinen / Karusselldrehmaschinen – Einständer – 0-1000mm Planscheibendurchmesser
1606;Karusselldrehmaschinen – Einständer – 1001-1299mm Planscheibendurchmesser;Metallbearbeitungsmaschinen & Werkzeugmaschinen / Drehmaschinen / Karusselldrehmaschinen – Einständer – 1001-1299mm Planscheibendurchmesser
1607;Karusselldrehmaschinen – Einständer – 1300-1499mm Planscheibendurchmesser;Metallbearbeitungsmaschinen & Werkzeugmaschinen / Drehmaschinen / Karusselldrehmaschinen – Einständer – 1300-1499mm Planscheibendurchmesser
1608;Karusselldrehmaschinen – Einständer – 1500-1899mm Planscheibendurchmesser;Metallbearbeitungsmaschinen & Werkzeugmaschinen / Drehmaschinen / Karusselldrehmaschinen – Einständer – 1500-1899mm Planscheibendurchmesser
1609;Karusselldrehmaschinen – Einständer – ab 1900mm Planscheibendurchmesser;Metallbearbeitungsmaschinen & Werkzeugmaschinen / Drehmaschinen / Karusselldrehmaschinen – Einständer – ab 1900mm Planscheibendurchmesser
1133;Kopierdrehmaschinen;Metallbearbeitungsmaschinen & Werkzeugmaschinen / Drehmaschinen / Kopierdrehmaschinen
1134;Kurbelwellendrehmaschinen;Metallbearbeitungsmaschinen & Werkzeugmaschinen / Drehmaschinen / Kurbelwellendrehmaschinen
1135;Langdrehautomaten;Metallbearbeitungsmaschinen & Werkzeugmaschinen / Drehmaschinen / Langdrehautomaten
1276;Leit-/Zugspindeldrehmaschine 0-299mm Drehdurchmesser Bett;Metallbearbeitungsmaschinen & Werkzeugmaschinen / Drehmaschinen / Leit-/Zugspindeldrehmaschine 0-299mm Drehdurchmesser Bett
1518;Leit-/Zugspindeldrehmaschine 300-399mm Drehdurchmesser Bett;Metallbearbeitungsmaschinen & Werkzeugmaschinen / Drehmaschinen / Leit-/Zugspindeldrehmaschine 300-399mm Drehdurchmesser Bett
1277;Leit-/Zugspindeldrehmaschine 400-499mm Drehdurchmesser Bett;Metallbearbeitungsmaschinen & Werkzeugmaschinen / Drehmaschinen / Leit-/Zugspindeldrehmaschine 400-499mm Drehdurchmesser Bett
1519;Leit-/Zugspindeldrehmaschine 500-599mm Drehdurchmesser Bett;Metallbearbeitungsmaschinen & Werkzeugmaschinen / Drehmaschinen / Leit-/Zugspindeldrehmaschine 500-599mm Drehdurchmesser Bett
1278;Leit-/Zugspindeldrehmaschine 600-799mm Drehdurchmesser Bett;Metallbearbeitungsmaschinen & Werkzeugmaschinen / Drehmaschinen / Leit-/Zugspindeldrehmaschine 600-799mm Drehdurchmesser Bett
1279;Leit-/Zugspindeldrehmaschine 800-999mm Drehdurchmesser Bett;Metallbearbeitungsmaschinen & Werkzeugmaschinen / Drehmaschinen / Leit-/Zugspindeldrehmaschine 800-999mm Drehdurchmesser Bett
1520;Leit-/Zugspindeldrehmaschine ab 1000mm Drehdurchmesser Bett;Metallbearbeitungsmaschinen & Werkzeugmaschinen / Drehmaschinen / Leit-/Zugspindeldrehmaschine ab 1000mm Drehdurchmesser Bett
1136;Mechanikerdrehmaschinen;Metallbearbeitungsmaschinen & Werkzeugmaschinen / Drehmaschinen / Mechanikerdrehmaschinen
1137;Mehrspindler;Metallbearbeitungsmaschinen & Werkzeugmaschinen / Drehmaschinen / Mehrspindler
1140;Plandrehmaschinen;Metallbearbeitungsmaschinen & Werkzeugmaschinen / Drehmaschinen / Plandrehmaschinen
1141;Revolverdrehautomaten;Metallbearbeitungsmaschinen & Werkzeugmaschinen / Drehmaschinen / Revolverdrehautomaten
1146;Sonstige Drehmaschinen;Metallbearbeitungsmaschinen & Werkzeugmaschinen / Drehmaschinen / Sonstige Drehmaschinen
1142;Stangenautomaten;Metallbearbeitungsmaschinen & Werkzeugmaschinen / Drehmaschinen / Stangenautomaten
1143;Tischdrehbänke;Metallbearbeitungsmaschinen & Werkzeugmaschinen / Drehmaschinen / Tischdrehbänke
1144;Vertikaldrehmaschinen;Metallbearbeitungsmaschinen & Werkzeugmaschinen / Drehmaschinen / Vertikaldrehmaschinen
1145;Zubehör & Ersatzteile für Drehmaschinen;Metallbearbeitungsmaschinen & Werkzeugmaschinen / Drehmaschinen / Zubehör & Ersatzteile für Drehmaschinen
214;Druckgussmaschinen;Metallbearbeitungsmaschinen & Werkzeugmaschinen / Druckgussmaschinen
215;Drückmaschinen;Metallbearbeitungsmaschinen & Werkzeugmaschinen / Drückmaschinen
1980;Blechentgratmaschinen;Metallbearbeitungsmaschinen & Werkzeugmaschinen / Entgratmaschinen / Blechentgratmaschinen
1981;Bürstenentgratmaschinen;Metallbearbeitungsmaschinen & Werkzeugmaschinen / Entgratmaschinen / Bürstenentgratmaschinen
1982;Sonstige Entgratmaschinen;Metallbearbeitungsmaschinen & Werkzeugmaschinen / Entgratmaschinen / Sonstige Entgratmaschinen
1983;Zubehör & Ersatzteile für Entgratmaschinen;Metallbearbeitungsmaschinen & Werkzeugmaschinen / Entgratmaschinen / Zubehör & Ersatzteile für Entgratmaschinen
1893;Drahterodiermaschinen 0-299mm Längsweg;Metallbearbeitungsmaschinen & Werkzeugmaschinen / Erodiermaschinen / Drahterodiermaschinen 0-299mm Längsweg
1894;Drahterodiermaschinen 300-399mm Längsweg;Metallbearbeitungsmaschinen & Werkzeugmaschinen / Erodiermaschinen / Drahterodiermaschinen 300-399mm Längsweg
1895;Drahterodiermaschinen 400-499mm Längsweg;Metallbearbeitungsmaschinen & Werkzeugmaschinen / Erodiermaschinen / Drahterodiermaschinen 400-499mm Längsweg
1896;Drahterodiermaschinen 500-699mm Längsweg;Metallbearbeitungsmaschinen & Werkzeugmaschinen / Erodiermaschinen / Drahterodiermaschinen 500-699mm Längsweg
1897;Drahterodiermaschinen ab 700mm Längsweg;Metallbearbeitungsmaschinen & Werkzeugmaschinen / Erodiermaschinen / Drahterodiermaschinen ab 700mm Längsweg
1900;Senkerodiermaschinen 0-299mm Längsweg;Metallbearbeitungsmaschinen & Werkzeugmaschinen / Erodiermaschinen / Senkerodiermaschinen 0-299mm Längsweg
1901;Senkerodiermaschinen 300-399mm Längsweg;Metallbearbeitungsmaschinen & Werkzeugmaschinen / Erodiermaschinen / Senkerodiermaschinen 300-399mm Längsweg
1902;Senkerodiermaschinen 400-499mm Längsweg;Metallbearbeitungsmaschinen & Werkzeugmaschinen / Erodiermaschinen / Senkerodiermaschinen 400-499mm Längsweg
1903;Senkerodiermaschinen 500-699mm Längsweg;Metallbearbeitungsmaschinen & Werkzeugmaschinen / Erodiermaschinen / Senkerodiermaschinen 500-699mm Längsweg
1904;Senkerodiermaschinen ab 700mm Längsweg;Metallbearbeitungsmaschinen & Werkzeugmaschinen / Erodiermaschinen / Senkerodiermaschinen ab 700mm Längsweg
1223;Sonstige Erodiermaschinen;Metallbearbeitungsmaschinen & Werkzeugmaschinen / Erodiermaschinen / Sonstige Erodiermaschinen
1221;Startlocherodiermaschinen;Metallbearbeitungsmaschinen & Werkzeugmaschinen / Erodiermaschinen / Startlocherodiermaschinen
1898;Zubehör & Ersatzteile für Drahterodiermaschinen;Metallbearbeitungsmaschinen & Werkzeugmaschinen / Erodiermaschinen / Zubehör & Ersatzteile für Drahterodiermaschinen
1222;Zubehör & Ersatzteile für Erodiermaschinen;Metallbearbeitungsmaschinen & Werkzeugmaschinen / Erodiermaschinen / Zubehör & Ersatzteile für Erodiermaschinen
1899;Zubehör & Ersatzteile für Senkerodiermaschinen;Metallbearbeitungsmaschinen & Werkzeugmaschinen / Erodiermaschinen / Zubehör & Ersatzteile für Senkerodiermaschinen
1224;Bohrmaschinen für Alu-Fensterbau;Metallbearbeitungsmaschinen & Werkzeugmaschinen / Fensterbaumaschinen / Bohrmaschinen für Alu-Fensterbau
1226;Eckverbindungspressen;Metallbearbeitungsmaschinen & Werkzeugmaschinen / Fensterbaumaschinen / Eckverbindungspressen
1225;Fräsen für Alu-Fensterbau;Metallbearbeitungsmaschinen & Werkzeugmaschinen / Fensterbaumaschinen / Fräsen für Alu-Fensterbau
1232;Montagetische;Metallbearbeitungsmaschinen & Werkzeugmaschinen / Fensterbaumaschinen / Montagetische
1228;Schweißmaschinen für Alu-Fensterbau;Metallbearbeitungsmaschinen & Werkzeugmaschinen / Fensterbaumaschinen / Schweißmaschinen für Alu-Fensterbau
1231;Sonstige Alu-Fensterbaumaschinen;Metallbearbeitungsmaschinen & Werkzeugmaschinen / Fensterbaumaschinen / Sonstige Alu-Fensterbaumaschinen
1229;Stanzen für Alu-Fensterbau;Metallbearbeitungsmaschinen & Werkzeugmaschinen / Fensterbaumaschinen / Stanzen für Alu-Fensterbau
1227;Sägen für Alu-Fensterbau;Metallbearbeitungsmaschinen & Werkzeugmaschinen / Fensterbaumaschinen / Sägen für Alu-Fensterbau
1230;Zubehör & Ersatzteile für Alu-Fensterbaumaschinen;Metallbearbeitungsmaschinen & Werkzeugmaschinen / Fensterbaumaschinen / Zubehör & Ersatzteile für Alu-Fensterbaumaschinen
1170;Bettfräsmaschinen - horizontal;Metallbearbeitungsmaschinen & Werkzeugmaschinen / Fräsmaschinen / Bettfräsmaschinen - horizontal
1513;Bettfräsmaschinen - universal 0-1299mm Längsweg;Metallbearbeitungsmaschinen & Werkzeugmaschinen / Fräsmaschinen / Bettfräsmaschinen - universal 0-1299mm Längsweg
1514;Bettfräsmaschinen - universal 1300-1999mm Längsweg;Metallbearbeitungsmaschinen & Werkzeugmaschinen / Fräsmaschinen / Bettfräsmaschinen - universal 1300-1999mm Längsweg
1515;Bettfräsmaschinen - universal 2000-2999mm Längsweg;Metallbearbeitungsmaschinen & Werkzeugmaschinen / Fräsmaschinen / Bettfräsmaschinen - universal 2000-2999mm Längsweg
1516;Bettfräsmaschinen - universal 3000-3999mm Längsweg;Metallbearbeitungsmaschinen & Werkzeugmaschinen / Fräsmaschinen / Bettfräsmaschinen - universal 3000-3999mm Längsweg
1517;Bettfräsmaschinen - universal über 4000mm Längsweg;Metallbearbeitungsmaschinen & Werkzeugmaschinen / Fräsmaschinen / Bettfräsmaschinen - universal über 4000mm Längsweg
1171;Bettfräsmaschinen - vertikal;Metallbearbeitungsmaschinen & Werkzeugmaschinen / Fräsmaschinen / Bettfräsmaschinen - vertikal
1173;Doppelspindel - Fräsmaschinen;Metallbearbeitungsmaschinen & Werkzeugmaschinen / Fräsmaschinen / Doppelspindel - Fräsmaschinen
1174;Fahrständerfräsmaschinen;Metallbearbeitungsmaschinen & Werkzeugmaschinen / Fräsmaschinen / Fahrständerfräsmaschinen
1175;Fräsmaschinen - horizontal;Metallbearbeitungsmaschinen & Werkzeugmaschinen / Fräsmaschinen / Fräsmaschinen - horizontal
1337;Fräsmaschinen - universal NC/CNC 0-399mm x-Weg;Metallbearbeitungsmaschinen & Werkzeugmaschinen / Fräsmaschinen / Fräsmaschinen - universal NC/CNC 0-399mm x-Weg
1338;Fräsmaschinen - universal NC/CNC 400-499mm x-Weg;Metallbearbeitungsmaschinen & Werkzeugmaschinen / Fräsmaschinen / Fräsmaschinen - universal NC/CNC 400-499mm x-Weg
1339;Fräsmaschinen - universal NC/CNC 500-699mm x-Weg;Metallbearbeitungsmaschinen & Werkzeugmaschinen / Fräsmaschinen / Fräsmaschinen - universal NC/CNC 500-699mm x-Weg
1340;Fräsmaschinen - universal NC/CNC 700-999mm x-Weg;Metallbearbeitungsmaschinen & Werkzeugmaschinen / Fräsmaschinen / Fräsmaschinen - universal NC/CNC 700-999mm x-Weg
1341;Fräsmaschinen - universal NC/CNC über 1000mm x-Weg;Metallbearbeitungsmaschinen & Werkzeugmaschinen / Fräsmaschinen / Fräsmaschinen - universal NC/CNC über 1000mm x-Weg
1332;Fräsmaschinen - universal konventionell 0-399mm x-Weg;Metallbearbeitungsmaschinen & Werkzeugmaschinen / Fräsmaschinen / Fräsmaschinen - universal konventionell 0-399mm x-Weg
1333;Fräsmaschinen - universal konventionell 400-499mm x-Weg;Metallbearbeitungsmaschinen & Werkzeugmaschinen / Fräsmaschinen / Fräsmaschinen - universal konventionell 400-499mm x-Weg
1334;Fräsmaschinen - universal konventionell 500-699mm x-Weg;Metallbearbeitungsmaschinen & Werkzeugmaschinen / Fräsmaschinen / Fräsmaschinen - universal konventionell 500-699mm x-Weg
1335;Fräsmaschinen - universal konventionell 700-999mm x-Weg;Metallbearbeitungsmaschinen & Werkzeugmaschinen / Fräsmaschinen / Fräsmaschinen - universal konventionell 700-999mm x-Weg
1336;Fräsmaschinen - universal konventionell über 1000mm x-Weg;Metallbearbeitungsmaschinen & Werkzeugmaschinen / Fräsmaschinen / Fräsmaschinen - universal konventionell über 1000mm x-Weg
1176;Fräsmaschinen - vertikal;Metallbearbeitungsmaschinen & Werkzeugmaschinen / Fräsmaschinen / Fräsmaschinen - vertikal
1177;Handhebelfräsmaschinen;Metallbearbeitungsmaschinen & Werkzeugmaschinen / Fräsmaschinen / Handhebelfräsmaschinen
1180;Kopierfräsmaschinen;Metallbearbeitungsmaschinen & Werkzeugmaschinen / Fräsmaschinen / Kopierfräsmaschinen
1181;Kurvenfräsmaschinen;Metallbearbeitungsmaschinen & Werkzeugmaschinen / Fräsmaschinen / Kurvenfräsmaschinen
1200;Nockenwellenfräsmaschinen;Metallbearbeitungsmaschinen & Werkzeugmaschinen / Fräsmaschinen / Nockenwellenfräsmaschinen
1184;Nutenfräsmaschinen;Metallbearbeitungsmaschinen & Werkzeugmaschinen / Fräsmaschinen / Nutenfräsmaschinen
1185;Portalfräsmaschinen;Metallbearbeitungsmaschinen & Werkzeugmaschinen / Fräsmaschinen / Portalfräsmaschinen
1188;Sonstige Fräsmaschinen;Metallbearbeitungsmaschinen & Werkzeugmaschinen / Fräsmaschinen / Sonstige Fräsmaschinen
1186;Universal-Fräsmaschinen & Bohrwerke;Metallbearbeitungsmaschinen & Werkzeugmaschinen / Fräsmaschinen / Universal-Fräsmaschinen & Bohrwerke
1347;Werkzeugfräsmaschinen universal NC/CNC 0-399mm x-Weg;Metallbearbeitungsmaschinen & Werkzeugmaschinen / Fräsmaschinen / Werkzeugfräsmaschinen universal NC/CNC 0-399mm x-Weg
1348;Werkzeugfräsmaschinen universal NC/CNC 400-499mm x-Weg;Metallbearbeitungsmaschinen & Werkzeugmaschinen / Fräsmaschinen / Werkzeugfräsmaschinen universal NC/CNC 400-499mm x-Weg
1349;Werkzeugfräsmaschinen universal NC/CNC 500-699mm x-Weg;Metallbearbeitungsmaschinen & Werkzeugmaschinen / Fräsmaschinen / Werkzeugfräsmaschinen universal NC/CNC 500-699mm x-Weg
1350;Werkzeugfräsmaschinen universal NC/CNC 700-999mm x-Weg;Metallbearbeitungsmaschinen & Werkzeugmaschinen / Fräsmaschinen / Werkzeugfräsmaschinen universal NC/CNC 700-999mm x-Weg
1351;Werkzeugfräsmaschinen universal NC/CNC über 1000mm x-Weg;Metallbearbeitungsmaschinen & Werkzeugmaschinen / Fräsmaschinen / Werkzeugfräsmaschinen universal NC/CNC über 1000mm x-Weg
1342;Werkzeugfräsmaschinen universal konventionell 0-399mm x-Weg;Metallbearbeitungsmaschinen & Werkzeugmaschinen / Fräsmaschinen / Werkzeugfräsmaschinen universal konventionell 0-399mm x-Weg
1343;Werkzeugfräsmaschinen universal konventionell 400-499mm x-Weg;Metallbearbeitungsmaschinen & Werkzeugmaschinen / Fräsmaschinen / Werkzeugfräsmaschinen universal konventionell 400-499mm x-Weg
1344;Werkzeugfräsmaschinen universal konventionell 500-699mm x-Weg;Metallbearbeitungsmaschinen & Werkzeugmaschinen / Fräsmaschinen / Werkzeugfräsmaschinen universal konventionell 500-699mm x-Weg
1345;Werkzeugfräsmaschinen universal konventionell 700-999mm x-Weg;Metallbearbeitungsmaschinen & Werkzeugmaschinen / Fräsmaschinen / Werkzeugfräsmaschinen universal konventionell 700-999mm x-Weg
1346;Werkzeugfräsmaschinen universal konventionell über 1000mm x-Weg;Metallbearbeitungsmaschinen & Werkzeugmaschinen / Fräsmaschinen / Werkzeugfräsmaschinen universal konventionell über 1000mm x-Weg
1187;Zubehör & Ersatzteile für Fräsmaschinen;Metallbearbeitungsmaschinen & Werkzeugmaschinen / Fräsmaschinen / Zubehör & Ersatzteile für Fräsmaschinen
1537;Aussengewindeschneidmaschinen;Metallbearbeitungsmaschinen & Werkzeugmaschinen / Gewindebearbeitungsmaschinen / Aussengewindeschneidmaschinen
1542;Gewinderollmaschinen;Metallbearbeitungsmaschinen & Werkzeugmaschinen / Gewindebearbeitungsmaschinen / Gewinderollmaschinen
1543;Gewindeschleifmaschinen;Metallbearbeitungsmaschinen & Werkzeugmaschinen / Gewindebearbeitungsmaschinen / Gewindeschleifmaschinen
1540;Innengewindeschneidmaschinen Gewindebereich M 13 - M 20;Metallbearbeitungsmaschinen & Werkzeugmaschinen / Gewindebearbeitungsmaschinen / Innengewindeschneidmaschinen Gewindebereich M 13 - M 20
1539;Innengewindeschneidmaschinen Gewindebereich M 9 - M 12;Metallbearbeitungsmaschinen & Werkzeugmaschinen / Gewindebearbeitungsmaschinen / Innengewindeschneidmaschinen Gewindebereich M 9 - M 12
1541;Innengewindeschneidmaschinen Gewindebereich ab M 21;Metallbearbeitungsmaschinen & Werkzeugmaschinen / Gewindebearbeitungsmaschinen / Innengewindeschneidmaschinen Gewindebereich ab M 21
1538;Innengewindeschneidmaschinen Gewindebereich bis M 8;Metallbearbeitungsmaschinen & Werkzeugmaschinen / Gewindebearbeitungsmaschinen / Innengewindeschneidmaschinen Gewindebereich bis M 8
1544;Sonstige Gewindebearbeitungsmaschinen;Metallbearbeitungsmaschinen & Werkzeugmaschinen / Gewindebearbeitungsmaschinen / Sonstige Gewindebearbeitungsmaschinen
1545;Zubehör für Ersatzteile für Gewindebearbeitungsmaschinen;Metallbearbeitungsmaschinen & Werkzeugmaschinen / Gewindebearbeitungsmaschinen / Zubehör für Ersatzteile für Gewindebearbeitungsmaschinen
235;Giessereimaschinen;Metallbearbeitungsmaschinen & Werkzeugmaschinen / Giessereimaschinen
220;Graviermaschinen;Metallbearbeitungsmaschinen & Werkzeugmaschinen / Graviermaschinen
1595;Langhobelmaschinen – Einständer;Metallbearbeitungsmaschinen & Werkzeugmaschinen / Hobelmaschinen für Metall / Langhobelmaschinen – Einständer
1596;Langhobelmaschinen – Zweiständer;Metallbearbeitungsmaschinen & Werkzeugmaschinen / Hobelmaschinen für Metall / Langhobelmaschinen – Zweiständer
1594;Schnellhobler & Kurzhobler;Metallbearbeitungsmaschinen & Werkzeugmaschinen / Hobelmaschinen für Metall / Schnellhobler & Kurzhobler
1597;Sonstige Metallhobelmaschinen;Metallbearbeitungsmaschinen & Werkzeugmaschinen / Hobelmaschinen für Metall / Sonstige Metallhobelmaschinen
1598;Zubehör & Ersatzteile für Metallhobelmaschinen;Metallbearbeitungsmaschinen & Werkzeugmaschinen / Hobelmaschinen für Metall / Zubehör & Ersatzteile für Metallhobelmaschinen
222;Honmaschinen;Metallbearbeitungsmaschinen & Werkzeugmaschinen / Honmaschinen
744;Industrieöfen für Metallbearbeitung;Metallbearbeitungsmaschinen & Werkzeugmaschinen / Industrieöfen für Metallbearbeitung
771;Komplette Betriebe & Maschinenpakete;Metallbearbeitungsmaschinen & Werkzeugmaschinen / Komplette Betriebe & Maschinenpakete
223;Kompressoren;Metallbearbeitungsmaschinen & Werkzeugmaschinen / Kompressoren
224;Läppmaschinen;Metallbearbeitungsmaschinen & Werkzeugmaschinen / Läppmaschinen
1482;Auswuchtmaschinen & Wuchtmaschinen;Metallbearbeitungsmaschinen & Werkzeugmaschinen / Messmaschinen / Auswuchtmaschinen & Wuchtmaschinen
1483;Digitalanzeigen + Zubehör;Metallbearbeitungsmaschinen & Werkzeugmaschinen / Messmaschinen / Digitalanzeigen + Zubehör
1484;Härteprüfgeräte & Werkstoffprüfung;Metallbearbeitungsmaschinen & Werkzeugmaschinen / Messmaschinen / Härteprüfgeräte & Werkstoffprüfung
1485;Höhenmessgeräte;Metallbearbeitungsmaschinen & Werkzeugmaschinen / Messmaschinen / Höhenmessgeräte
1486;Koordinatenmessmaschinen;Metallbearbeitungsmaschinen & Werkzeugmaschinen / Messmaschinen / Koordinatenmessmaschinen
1487;Messplatten;Metallbearbeitungsmaschinen & Werkzeugmaschinen / Messmaschinen / Messplatten
1488;Mikroskope;Metallbearbeitungsmaschinen & Werkzeugmaschinen / Messmaschinen / Mikroskope
1489;Profilprojektoren;Metallbearbeitungsmaschinen & Werkzeugmaschinen / Messmaschinen / Profilprojektoren
1492;Sonstige Messmaschinen & Messtechnik;Metallbearbeitungsmaschinen & Werkzeugmaschinen / Messmaschinen / Sonstige Messmaschinen & Messtechnik
1490;Waagen;Metallbearbeitungsmaschinen & Werkzeugmaschinen / Messmaschinen / Waagen
1521;Werkzeugeinstellgeräte;Metallbearbeitungsmaschinen & Werkzeugmaschinen / Messmaschinen / Werkzeugeinstellgeräte
1491;Werkzeugvoreinstellgeräte;Metallbearbeitungsmaschinen & Werkzeugmaschinen / Messmaschinen / Werkzeugvoreinstellgeräte
1535;Zahnradmessmaschinen;Metallbearbeitungsmaschinen & Werkzeugmaschinen / Messmaschinen / Zahnradmessmaschinen
1493;Zubehör & Ersatzteile für Messmaschinen;Metallbearbeitungsmaschinen & Werkzeugmaschinen / Messmaschinen / Zubehör & Ersatzteile für Messmaschinen
227;Oberflächenbehandlung;Metallbearbeitungsmaschinen & Werkzeugmaschinen / Oberflächenbehandlung
228;Poliermaschinen;Metallbearbeitungsmaschinen & Werkzeugmaschinen / Poliermaschinen
1112;Bördelmaschinen & Beschneidmaschinen;Metallbearbeitungsmaschinen & Werkzeugmaschinen / Pressen für Metall / Bördelmaschinen & Beschneidmaschinen
1114;Dornpressen;Metallbearbeitungsmaschinen & Werkzeugmaschinen / Pressen für Metall / Dornpressen
1329;Exzenterpressen Doppelständer;Metallbearbeitungsmaschinen & Werkzeugmaschinen / Pressen für Metall / Exzenterpressen Doppelständer
1325;Exzenterpressen Einständer 0-24t;Metallbearbeitungsmaschinen & Werkzeugmaschinen / Pressen für Metall / Exzenterpressen Einständer 0-24t
1326;Exzenterpressen Einständer 25-54t;Metallbearbeitungsmaschinen & Werkzeugmaschinen / Pressen für Metall / Exzenterpressen Einständer 25-54t
1327;Exzenterpressen Einständer 55-99t;Metallbearbeitungsmaschinen & Werkzeugmaschinen / Pressen für Metall / Exzenterpressen Einständer 55-99t
1328;Exzenterpressen Einständer über 100t;Metallbearbeitungsmaschinen & Werkzeugmaschinen / Pressen für Metall / Exzenterpressen Einständer über 100t
1378;Feinschneidpressen;Metallbearbeitungsmaschinen & Werkzeugmaschinen / Pressen für Metall / Feinschneidpressen
1116;Friktionsspindelpressen & Spindelschlagpressen;Metallbearbeitungsmaschinen & Werkzeugmaschinen / Pressen für Metall / Friktionsspindelpressen & Spindelschlagpressen
1120;Handspindelpressen;Metallbearbeitungsmaschinen & Werkzeugmaschinen / Pressen für Metall / Handspindelpressen
1330;Hydraulische Doppelständerpressen & Viersäulenpressen;Metallbearbeitungsmaschinen & Werkzeugmaschinen / Pressen für Metall / Hydraulische Doppelständerpressen & Viersäulenpressen
1331;Hydraulische Einständerpressen;Metallbearbeitungsmaschinen & Werkzeugmaschinen / Pressen für Metall / Hydraulische Einständerpressen
2084;Hydraulische Einständerpressen 0-15t;Metallbearbeitungsmaschinen & Werkzeugmaschinen / Pressen für Metall / Hydraulische Einständerpressen 0-15t
2088;Hydraulische Einständerpressen 100-124t;Metallbearbeitungsmaschinen & Werkzeugmaschinen / Pressen für Metall / Hydraulische Einständerpressen 100-124t
2085;Hydraulische Einständerpressen 16-25t;Metallbearbeitungsmaschinen & Werkzeugmaschinen / Pressen für Metall / Hydraulische Einständerpressen 16-25t
2086;Hydraulische Einständerpressen 26-50t;Metallbearbeitungsmaschinen & Werkzeugmaschinen / Pressen für Metall / Hydraulische Einständerpressen 26-50t
2087;Hydraulische Einständerpressen 51-99t;Metallbearbeitungsmaschinen & Werkzeugmaschinen / Pressen für Metall / Hydraulische Einständerpressen 51-99t
2089;Hydraulische Einständerpressen ab 125t;Metallbearbeitungsmaschinen & Werkzeugmaschinen / Pressen für Metall / Hydraulische Einständerpressen ab 125t
1117;Kniehebelpressen;Metallbearbeitungsmaschinen & Werkzeugmaschinen / Pressen für Metall / Kniehebelpressen
1195;Kurbelpressen;Metallbearbeitungsmaschinen & Werkzeugmaschinen / Pressen für Metall / Kurbelpressen
1118;Pneumatische Pressen;Metallbearbeitungsmaschinen & Werkzeugmaschinen / Pressen für Metall / Pneumatische Pressen
1119;Richtpressen & Biegepressen;Metallbearbeitungsmaschinen & Werkzeugmaschinen / Pressen für Metall / Richtpressen & Biegepressen
1536;Schmiedepressen;Metallbearbeitungsmaschinen & Werkzeugmaschinen / Pressen für Metall / Schmiedepressen
1126;Sonstige Metallpressen;Metallbearbeitungsmaschinen & Werkzeugmaschinen / Pressen für Metall / Sonstige Metallpressen
1194;Stanzautomaten;Metallbearbeitungsmaschinen & Werkzeugmaschinen / Pressen für Metall / Stanzautomaten
1121;Stufenpressen;Metallbearbeitungsmaschinen & Werkzeugmaschinen / Pressen für Metall / Stufenpressen
1122;Transferpressen;Metallbearbeitungsmaschinen & Werkzeugmaschinen / Pressen für Metall / Transferpressen
1123;Tuschierpressen;Metallbearbeitungsmaschinen & Werkzeugmaschinen / Pressen für Metall / Tuschierpressen
1220;Vulkanisierpressen;Metallbearbeitungsmaschinen & Werkzeugmaschinen / Pressen für Metall / Vulkanisierpressen
1124;Werkstattpressen;Metallbearbeitungsmaschinen & Werkzeugmaschinen / Pressen für Metall / Werkstattpressen
1379;Werkzeugprobierpressen;Metallbearbeitungsmaschinen & Werkzeugmaschinen / Pressen für Metall / Werkzeugprobierpressen
1113;Ziehpressen Doppelständer;Metallbearbeitungsmaschinen & Werkzeugmaschinen / Pressen für Metall / Ziehpressen Doppelständer
1115;Ziehpressen Einständer;Metallbearbeitungsmaschinen & Werkzeugmaschinen / Pressen für Metall / Ziehpressen Einständer
1125;Zubehör & Ersatzteile für Metallpressen;Metallbearbeitungsmaschinen & Werkzeugmaschinen / Pressen für Metall / Zubehör & Ersatzteile für Metallpressen
1203;Profilrichtmaschinen;Metallbearbeitungsmaschinen & Werkzeugmaschinen / Profilrichtmaschinen
1147;Bandschleifmaschinen;Metallbearbeitungsmaschinen & Werkzeugmaschinen / Schleifmaschinen / Bandschleifmaschinen
1149;Bohrerschleifmaschinen;Metallbearbeitungsmaschinen & Werkzeugmaschinen / Schleifmaschinen / Bohrerschleifmaschinen
1148;Breitbandschleifmaschinen;Metallbearbeitungsmaschinen & Werkzeugmaschinen / Schleifmaschinen / Breitbandschleifmaschinen
1547;Doppelplanschleifmaschinen;Metallbearbeitungsmaschinen & Werkzeugmaschinen / Schleifmaschinen / Doppelplanschleifmaschinen
1150;Doppelschleifböcke;Metallbearbeitungsmaschinen & Werkzeugmaschinen / Schleifmaschinen / Doppelschleifböcke
1151;Einstechschleifmaschinen;Metallbearbeitungsmaschinen & Werkzeugmaschinen / Schleifmaschinen / Einstechschleifmaschinen
1152;Flachschleifmaschinen - Doppelständer;Metallbearbeitungsmaschinen & Werkzeugmaschinen / Schleifmaschinen / Flachschleifmaschinen - Doppelständer
1153;Flachschleifmaschinen - Vertikal;Metallbearbeitungsmaschinen & Werkzeugmaschinen / Schleifmaschinen / Flachschleifmaschinen - Vertikal
1368;Flachschleifmaschinen horizontal 0-399mm Schleiflänge;Metallbearbeitungsmaschinen & Werkzeugmaschinen / Schleifmaschinen / Flachschleifmaschinen horizontal 0-399mm Schleiflänge
1369;Flachschleifmaschinen horizontal 400-699mm Schleiflänge;Metallbearbeitungsmaschinen & Werkzeugmaschinen / Schleifmaschinen / Flachschleifmaschinen horizontal 400-699mm Schleiflänge
1370;Flachschleifmaschinen horizontal 700-999mm Schleiflänge;Metallbearbeitungsmaschinen & Werkzeugmaschinen / Schleifmaschinen / Flachschleifmaschinen horizontal 700-999mm Schleiflänge
1371;Flachschleifmaschinen horizontal ab 1000mm Schleiflänge;Metallbearbeitungsmaschinen & Werkzeugmaschinen / Schleifmaschinen / Flachschleifmaschinen horizontal ab 1000mm Schleiflänge
1154;Frässtichel-Schleifmaschinen;Metallbearbeitungsmaschinen & Werkzeugmaschinen / Schleifmaschinen / Frässtichel-Schleifmaschinen
1155;Führungsbahnenschleifmaschinen;Metallbearbeitungsmaschinen & Werkzeugmaschinen / Schleifmaschinen / Führungsbahnenschleifmaschinen
1156;Gewindeschleifmaschinen;Metallbearbeitungsmaschinen & Werkzeugmaschinen / Schleifmaschinen / Gewindeschleifmaschinen
1157;Gleitschleifanlagen;Metallbearbeitungsmaschinen & Werkzeugmaschinen / Schleifmaschinen / Gleitschleifanlagen
1158;Innenschleifmaschinen & Planschleifmaschinen;Metallbearbeitungsmaschinen & Werkzeugmaschinen / Schleifmaschinen / Innenschleifmaschinen & Planschleifmaschinen
1438;Kantenschleifmaschinen;Metallbearbeitungsmaschinen & Werkzeugmaschinen / Schleifmaschinen / Kantenschleifmaschinen
1159;Koordinatenschleifmaschinen;Metallbearbeitungsmaschinen & Werkzeugmaschinen / Schleifmaschinen / Koordinatenschleifmaschinen
1160;Kurbelwellenschleifmaschinen;Metallbearbeitungsmaschinen & Werkzeugmaschinen / Schleifmaschinen / Kurbelwellenschleifmaschinen
1161;Messerschleifmaschinen;Metallbearbeitungsmaschinen & Werkzeugmaschinen / Schleifmaschinen / Messerschleifmaschinen
1440;Nockenwellenschleifmaschinen;Metallbearbeitungsmaschinen & Werkzeugmaschinen / Schleifmaschinen / Nockenwellenschleifmaschinen
1546;Nutenschleifmaschinen;Metallbearbeitungsmaschinen & Werkzeugmaschinen / Schleifmaschinen / Nutenschleifmaschinen
1162;Profilschleifmaschinen;Metallbearbeitungsmaschinen & Werkzeugmaschinen / Schleifmaschinen / Profilschleifmaschinen
1581;Rohrausschleifer;Metallbearbeitungsmaschinen & Werkzeugmaschinen / Schleifmaschinen / Rohrausschleifer
1372;Rundschleifmaschinen 0-599mm Schleiflänge;Metallbearbeitungsmaschinen & Werkzeugmaschinen / Schleifmaschinen / Rundschleifmaschinen 0-599mm Schleiflänge
1374;Rundschleifmaschinen 1100-2099mm Schleiflänge;Metallbearbeitungsmaschinen & Werkzeugmaschinen / Schleifmaschinen / Rundschleifmaschinen 1100-2099mm Schleiflänge
1373;Rundschleifmaschinen 600-1099mm Schleiflänge;Metallbearbeitungsmaschinen & Werkzeugmaschinen / Schleifmaschinen / Rundschleifmaschinen 600-1099mm Schleiflänge
1375;Rundschleifmaschinen ab 2100mm Schleiflänge;Metallbearbeitungsmaschinen & Werkzeugmaschinen / Schleifmaschinen / Rundschleifmaschinen ab 2100mm Schleiflänge
1497;Rundschleifmaschinen spitzenlos;Metallbearbeitungsmaschinen & Werkzeugmaschinen / Schleifmaschinen / Rundschleifmaschinen spitzenlos
1163;Rundtischflachschleifmaschinen;Metallbearbeitungsmaschinen & Werkzeugmaschinen / Schleifmaschinen / Rundtischflachschleifmaschinen
1495;Schleifapparate & Flexible Welle;Metallbearbeitungsmaschinen & Werkzeugmaschinen / Schleifmaschinen / Schleifapparate & Flexible Welle
1169;Sonstige Metallschleifmaschinen;Metallbearbeitungsmaschinen & Werkzeugmaschinen / Schleifmaschinen / Sonstige Metallschleifmaschinen
1496;Stichelschleifmaschinen;Metallbearbeitungsmaschinen & Werkzeugmaschinen / Schleifmaschinen / Stichelschleifmaschinen
1422;Stähleschleifmaschinen;Metallbearbeitungsmaschinen & Werkzeugmaschinen / Schleifmaschinen / Stähleschleifmaschinen
1494;Sägeblattschärfmaschinen;Metallbearbeitungsmaschinen & Werkzeugmaschinen / Schleifmaschinen / Sägeblattschärfmaschinen
1272;Topfschleifmaschinen;Metallbearbeitungsmaschinen & Werkzeugmaschinen / Schleifmaschinen / Topfschleifmaschinen
1164;Trennschleifmaschinen;Metallbearbeitungsmaschinen & Werkzeugmaschinen / Schleifmaschinen / Trennschleifmaschinen
1165;Walzenschleifmaschinen;Metallbearbeitungsmaschinen & Werkzeugmaschinen / Schleifmaschinen / Walzenschleifmaschinen
1166;Werkzeugschleifmaschinen;Metallbearbeitungsmaschinen & Werkzeugmaschinen / Schleifmaschinen / Werkzeugschleifmaschinen
1167;Zentrumschleifmaschinen;Metallbearbeitungsmaschinen & Werkzeugmaschinen / Schleifmaschinen / Zentrumschleifmaschinen
1168;Zubehör & Ersatzteile für Metallschleifmaschinen;Metallbearbeitungsmaschinen & Werkzeugmaschinen / Schleifmaschinen / Zubehör & Ersatzteile für Metallschleifmaschinen
236;Schmiedeeinrichtungen;Metallbearbeitungsmaschinen & Werkzeugmaschinen / Schmiedeeinrichtungen
900;Brennschneidanlagen;Metallbearbeitungsmaschinen & Werkzeugmaschinen / Schweißen & Schneiden / Brennschneidanlagen
901;Buckelschweißmaschinen;Metallbearbeitungsmaschinen & Werkzeugmaschinen / Schweißen & Schneiden / Buckelschweißmaschinen
902;Laserschneidanlagen;Metallbearbeitungsmaschinen & Werkzeugmaschinen / Schweißen & Schneiden / Laserschneidanlagen
903;Plasmaschneidgeräte;Metallbearbeitungsmaschinen & Werkzeugmaschinen / Schweißen & Schneiden / Plasmaschneidgeräte
1448;Plasmaschneidmaschinen;Metallbearbeitungsmaschinen & Werkzeugmaschinen / Schweißen & Schneiden / Plasmaschneidmaschinen
904;Punktschweißmaschinen;Metallbearbeitungsmaschinen & Werkzeugmaschinen / Schweißen & Schneiden / Punktschweißmaschinen
905;Schweißgeräte;Metallbearbeitungsmaschinen & Werkzeugmaschinen / Schweißen & Schneiden / Schweißgeräte
1286;Schweißkantenabschrägmaschinen;Metallbearbeitungsmaschinen & Werkzeugmaschinen / Schweißen & Schneiden / Schweißkantenabschrägmaschinen
1434;Schweißrauchabsaugungen;Metallbearbeitungsmaschinen & Werkzeugmaschinen / Schweißen & Schneiden / Schweißrauchabsaugungen
2090;Schweißroboter;Metallbearbeitungsmaschinen & Werkzeugmaschinen / Schweißen & Schneiden / Schweißroboter
1591;Schweißtische;Metallbearbeitungsmaschinen & Werkzeugmaschinen / Schweißen & Schneiden / Schweißtische
908;Sonstige Schweißmaschinen & Schneidemaschinen;Metallbearbeitungsmaschinen & Werkzeugmaschinen / Schweißen & Schneiden / Sonstige Schweißmaschinen & Schneidemaschinen
906;Stumpfschweißmaschinen;Metallbearbeitungsmaschinen & Werkzeugmaschinen / Schweißen & Schneiden / Stumpfschweißmaschinen
1189;Wasserstrahlschneidanlagen;Metallbearbeitungsmaschinen & Werkzeugmaschinen / Schweißen & Schneiden / Wasserstrahlschneidanlagen
907;Zubehör & Ersatzteile für Schweißmaschinen & Schneidanlagen;Metallbearbeitungsmaschinen & Werkzeugmaschinen / Schweißen & Schneiden / Zubehör & Ersatzteile für Schweißmaschinen & Schneidanlagen
658;Sonstige Metallbearbeitungsmaschinen & Werkzeugmaschinen;Metallbearbeitungsmaschinen & Werkzeugmaschinen / Sonstige Metallbearbeitungsmaschinen & Werkzeugmaschinen
237;Stoß-, Zieh- & Räummaschinen;Metallbearbeitungsmaschinen & Werkzeugmaschinen / Stoß-, Zieh- & Räummaschinen
1642;Bandsägen - vertikal – 0-419mm Ausladung;Metallbearbeitungsmaschinen & Werkzeugmaschinen / Sägen für Metall / Bandsägen - vertikal – 0-419mm Ausladung
1643;Bandsägen - vertikal – 420-799mm Ausladung;Metallbearbeitungsmaschinen & Werkzeugmaschinen / Sägen für Metall / Bandsägen - vertikal – 420-799mm Ausladung
1644;Bandsägen - vertikal – ab 800mm Ausladung;Metallbearbeitungsmaschinen & Werkzeugmaschinen / Sägen für Metall / Bandsägen - vertikal – ab 800mm Ausladung
1634;Bandsägen horizontal – halbautomatisch – Schnittbereich rund 0-300mm;Metallbearbeitungsmaschinen & Werkzeugmaschinen / Sägen für Metall / Bandsägen horizontal – halbautomatisch – Schnittbereich rund 0-300mm
1635;Bandsägen horizontal – halbautomatisch – Schnittbereich rund 301-349mm;Metallbearbeitungsmaschinen & Werkzeugmaschinen / Sägen für Metall / Bandsägen horizontal – halbautomatisch – Schnittbereich rund 301-349mm
1636;Bandsägen horizontal – halbautomatisch – Schnittbereich rund 350-419mm;Metallbearbeitungsmaschinen & Werkzeugmaschinen / Sägen für Metall / Bandsägen horizontal – halbautomatisch – Schnittbereich rund 350-419mm
1637;Bandsägen horizontal – halbautomatisch – Schnittbereich rund ab 420mm;Metallbearbeitungsmaschinen & Werkzeugmaschinen / Sägen für Metall / Bandsägen horizontal – halbautomatisch – Schnittbereich rund ab 420mm
1631;Bandsägen horizontal – manuell – Schnittbereich rund 0-220mm;Metallbearbeitungsmaschinen & Werkzeugmaschinen / Sägen für Metall / Bandsägen horizontal – manuell – Schnittbereich rund 0-220mm
1632;Bandsägen horizontal – manuell – Schnittbereich rund 221-299mm;Metallbearbeitungsmaschinen & Werkzeugmaschinen / Sägen für Metall / Bandsägen horizontal – manuell – Schnittbereich rund 221-299mm
1633;Bandsägen horizontal – manuell – Schnittbereich rund ab 300mm;Metallbearbeitungsmaschinen & Werkzeugmaschinen / Sägen für Metall / Bandsägen horizontal – manuell – Schnittbereich rund ab 300mm
1638;Bandsägen horizontal – vollautomatisch – Schnittbereich rund 0-299mm;Metallbearbeitungsmaschinen & Werkzeugmaschinen / Sägen für Metall / Bandsägen horizontal – vollautomatisch – Schnittbereich rund 0-299mm
1639;Bandsägen horizontal – vollautomatisch – Schnittbereich rund 300-359mm;Metallbearbeitungsmaschinen & Werkzeugmaschinen / Sägen für Metall / Bandsägen horizontal – vollautomatisch – Schnittbereich rund 300-359mm
1640;Bandsägen horizontal – vollautomatisch – Schnittbereich rund 360-399mm;Metallbearbeitungsmaschinen & Werkzeugmaschinen / Sägen für Metall / Bandsägen horizontal – vollautomatisch – Schnittbereich rund 360-399mm
1641;Bandsägen horizontal – vollautomatisch – Schnittbereich rund ab 400mm;Metallbearbeitungsmaschinen & Werkzeugmaschinen / Sägen für Metall / Bandsägen horizontal – vollautomatisch – Schnittbereich rund ab 400mm
803;Bügelsägeautomaten;Metallbearbeitungsmaschinen & Werkzeugmaschinen / Sägen für Metall / Bügelsägeautomaten
1321;Bügelsägen 0-249mm Schnittbereich;Metallbearbeitungsmaschinen & Werkzeugmaschinen / Sägen für Metall / Bügelsägen 0-249mm Schnittbereich
1322;Bügelsägen 250-399mm Schnittbereich;Metallbearbeitungsmaschinen & Werkzeugmaschinen / Sägen für Metall / Bügelsägen 250-399mm Schnittbereich
1323;Bügelsägen ab 400mm Schnittbereich;Metallbearbeitungsmaschinen & Werkzeugmaschinen / Sägen für Metall / Bügelsägen ab 400mm Schnittbereich
804;Doppelgehrungssägen;Metallbearbeitungsmaschinen & Werkzeugmaschinen / Sägen für Metall / Doppelgehrungssägen
1622;Kaltkreissägen – halbautomatisch – 0-350mm Sägeblattdurchmesser;Metallbearbeitungsmaschinen & Werkzeugmaschinen / Sägen für Metall / Kaltkreissägen – halbautomatisch – 0-350mm Sägeblattdurchmesser
1623;Kaltkreissägen – halbautomatisch – 351-420mm Sägeblattdurchmesser;Metallbearbeitungsmaschinen & Werkzeugmaschinen / Sägen für Metall / Kaltkreissägen – halbautomatisch – 351-420mm Sägeblattdurchmesser
1624;Kaltkreissägen – halbautomatisch – 421-470mm Sägeblattdurchmesser;Metallbearbeitungsmaschinen & Werkzeugmaschinen / Sägen für Metall / Kaltkreissägen – halbautomatisch – 421-470mm Sägeblattdurchmesser
1625;Kaltkreissägen – halbautomatisch – 471-499mm Sägeblattdurchmesser;Metallbearbeitungsmaschinen & Werkzeugmaschinen / Sägen für Metall / Kaltkreissägen – halbautomatisch – 471-499mm Sägeblattdurchmesser
1626;Kaltkreissägen – halbautomatisch – ab 500mm Sägeblattdurchmesser;Metallbearbeitungsmaschinen & Werkzeugmaschinen / Sägen für Metall / Kaltkreissägen – halbautomatisch – ab 500mm Sägeblattdurchmesser
1618;Kaltkreissägen – manuell – 0-299mm Sägeblattdurchmesser;Metallbearbeitungsmaschinen & Werkzeugmaschinen / Sägen für Metall / Kaltkreissägen – manuell – 0-299mm Sägeblattdurchmesser
1952;Kaltkreissägen – manuell – 300-349mm Sägeblattdurchmesser;Metallbearbeitungsmaschinen & Werkzeugmaschinen / Sägen für Metall / Kaltkreissägen – manuell – 300-349mm Sägeblattdurchmesser
1619;Kaltkreissägen – manuell – 350-399mm Sägeblattdurchmesser;Metallbearbeitungsmaschinen & Werkzeugmaschinen / Sägen für Metall / Kaltkreissägen – manuell – 350-399mm Sägeblattdurchmesser
1620;Kaltkreissägen – manuell – 400-499mm Sägeblattdurchmesser;Metallbearbeitungsmaschinen & Werkzeugmaschinen / Sägen für Metall / Kaltkreissägen – manuell – 400-499mm Sägeblattdurchmesser
1621;Kaltkreissägen – manuell – ab 500mm Sägeblattdurchmesser;Metallbearbeitungsmaschinen & Werkzeugmaschinen / Sägen für Metall / Kaltkreissägen – manuell – ab 500mm Sägeblattdurchmesser
1627;Kaltkreissägen – vollautomatisch – 0-350mm Sägeblattdurchmesser;Metallbearbeitungsmaschinen & Werkzeugmaschinen / Sägen für Metall / Kaltkreissägen – vollautomatisch – 0-350mm Sägeblattdurchmesser
1628;Kaltkreissägen – vollautomatisch – 351-419mm Sägeblattdurchmesser;Metallbearbeitungsmaschinen & Werkzeugmaschinen / Sägen für Metall / Kaltkreissägen – vollautomatisch – 351-419mm Sägeblattdurchmesser
1629;Kaltkreissägen – vollautomatisch – 420-469mm Sägeblattdurchmesser;Metallbearbeitungsmaschinen & Werkzeugmaschinen / Sägen für Metall / Kaltkreissägen – vollautomatisch – 420-469mm Sägeblattdurchmesser
1630;Kaltkreissägen – vollautomatisch – ab 470mm Sägeblattdurchmesser;Metallbearbeitungsmaschinen & Werkzeugmaschinen / Sägen für Metall / Kaltkreissägen – vollautomatisch – ab 470mm Sägeblattdurchmesser
805;Langschnittsägen;Metallbearbeitungsmaschinen & Werkzeugmaschinen / Sägen für Metall / Langschnittsägen
1648;Leichtmetall- / Alu-Kreissägen - halbautomatisch;Metallbearbeitungsmaschinen & Werkzeugmaschinen / Sägen für Metall / Leichtmetall- / Alu-Kreissägen - halbautomatisch
1649;Leichtmetall- / Alu-Kreissägen - vollautomatisch;Metallbearbeitungsmaschinen & Werkzeugmaschinen / Sägen für Metall / Leichtmetall- / Alu-Kreissägen - vollautomatisch
1645;Leichtmetall- / Alu-Kreissägen manuell 0-299mm Sägeblattdurchmesser;Metallbearbeitungsmaschinen & Werkzeugmaschinen / Sägen für Metall / Leichtmetall- / Alu-Kreissägen manuell 0-299mm Sägeblattdurchmesser
1646;Leichtmetall- / Alu-Kreissägen manuell 300-369mm Sägeblattdurchmesser;Metallbearbeitungsmaschinen & Werkzeugmaschinen / Sägen für Metall / Leichtmetall- / Alu-Kreissägen manuell 300-369mm Sägeblattdurchmesser
1647;Leichtmetall- / Alu-Kreissägen manuell ab 370mm Sägeblattdurchmesser;Metallbearbeitungsmaschinen & Werkzeugmaschinen / Sägen für Metall / Leichtmetall- / Alu-Kreissägen manuell ab 370mm Sägeblattdurchmesser
807;Sonstige Metallsägen;Metallbearbeitungsmaschinen & Werkzeugmaschinen / Sägen für Metall / Sonstige Metallsägen
806;Zubehör & Ersatzteile für Metallsägen;Metallbearbeitungsmaschinen & Werkzeugmaschinen / Sägen für Metall / Zubehör & Ersatzteile für Metallsägen
1204;Teilerichtmaschinen;Metallbearbeitungsmaschinen & Werkzeugmaschinen / Teilerichtmaschinen
726;Transfermaschinen;Metallbearbeitungsmaschinen & Werkzeugmaschinen / Transfermaschinen
1233;Kaltwalzmaschinen;Metallbearbeitungsmaschinen & Werkzeugmaschinen / Verzahnungsmaschinen / Kaltwalzmaschinen
1236;Kegelradfräsmaschinen Bogenverzahnung;Metallbearbeitungsmaschinen & Werkzeugmaschinen / Verzahnungsmaschinen / Kegelradfräsmaschinen Bogenverzahnung
1237;Kegelradfräsmaschinen Geradverzahnung;Metallbearbeitungsmaschinen & Werkzeugmaschinen / Verzahnungsmaschinen / Kegelradfräsmaschinen Geradverzahnung
1238;Kegelradhobelmaschinen;Metallbearbeitungsmaschinen & Werkzeugmaschinen / Verzahnungsmaschinen / Kegelradhobelmaschinen
1234;Kegelradläppmaschinen;Metallbearbeitungsmaschinen & Werkzeugmaschinen / Verzahnungsmaschinen / Kegelradläppmaschinen
1235;Kegelradprüfmaschinen;Metallbearbeitungsmaschinen & Werkzeugmaschinen / Verzahnungsmaschinen / Kegelradprüfmaschinen
1239;Kegelradschleifmaschinen;Metallbearbeitungsmaschinen & Werkzeugmaschinen / Verzahnungsmaschinen / Kegelradschleifmaschinen
1275;Langgewindefräsmaschinen & Abwälzfräsmaschinen;Metallbearbeitungsmaschinen & Werkzeugmaschinen / Verzahnungsmaschinen / Langgewindefräsmaschinen & Abwälzfräsmaschinen
1240;Schabrad Schärfmaschinen;Metallbearbeitungsmaschinen & Werkzeugmaschinen / Verzahnungsmaschinen / Schabrad Schärfmaschinen
1241;Schneckenschleifmaschinen;Metallbearbeitungsmaschinen & Werkzeugmaschinen / Verzahnungsmaschinen / Schneckenschleifmaschinen
1258;Sonstige Verzahnungsmaschinen;Metallbearbeitungsmaschinen & Werkzeugmaschinen / Verzahnungsmaschinen / Sonstige Verzahnungsmaschinen
1242;Spiralkegelradschneidmaschinen;Metallbearbeitungsmaschinen & Werkzeugmaschinen / Verzahnungsmaschinen / Spiralkegelradschneidmaschinen
1243;Verzahnungsmessmaschinen;Metallbearbeitungsmaschinen & Werkzeugmaschinen / Verzahnungsmaschinen / Verzahnungsmessmaschinen
2503;Wälzschälmaschinen;Metallbearbeitungsmaschinen & Werkzeugmaschinen / Verzahnungsmaschinen / Wälzschälmaschinen
1244;Zahnflankenschleifmaschinen;Metallbearbeitungsmaschinen & Werkzeugmaschinen / Verzahnungsmaschinen / Zahnflankenschleifmaschinen
1245;Zahnkantenabrundmaschinen;Metallbearbeitungsmaschinen & Werkzeugmaschinen / Verzahnungsmaschinen / Zahnkantenabrundmaschinen
1246;Zahnkantenentgratmaschinen;Metallbearbeitungsmaschinen & Werkzeugmaschinen / Verzahnungsmaschinen / Zahnkantenentgratmaschinen
1247;Zahnkantenfräsmaschinen;Metallbearbeitungsmaschinen & Werkzeugmaschinen / Verzahnungsmaschinen / Zahnkantenfräsmaschinen
1248;Zahnrad-Abwälzfräsmaschinen horizontal;Metallbearbeitungsmaschinen & Werkzeugmaschinen / Verzahnungsmaschinen / Zahnrad-Abwälzfräsmaschinen horizontal
2041;Zahnrad-Abwälzfräsmaschinen vertikal - 0-299mm Raddurchmesser;Metallbearbeitungsmaschinen & Werkzeugmaschinen / Verzahnungsmaschinen / Zahnrad-Abwälzfräsmaschinen vertikal - 0-299mm Raddurchmesser
2045;Zahnrad-Abwälzfräsmaschinen vertikal - 1000-1999mm Raddurchmesser;Metallbearbeitungsmaschinen & Werkzeugmaschinen / Verzahnungsmaschinen / Zahnrad-Abwälzfräsmaschinen vertikal - 1000-1999mm Raddurchmesser
2042;Zahnrad-Abwälzfräsmaschinen vertikal - 300-499mm Raddurchmesser;Metallbearbeitungsmaschinen & Werkzeugmaschinen / Verzahnungsmaschinen / Zahnrad-Abwälzfräsmaschinen vertikal - 300-499mm Raddurchmesser
2043;Zahnrad-Abwälzfräsmaschinen vertikal - 500-699mm Raddurchmesser;Metallbearbeitungsmaschinen & Werkzeugmaschinen / Verzahnungsmaschinen / Zahnrad-Abwälzfräsmaschinen vertikal - 500-699mm Raddurchmesser
2044;Zahnrad-Abwälzfräsmaschinen vertikal - 700-999mm Raddurchmesser;Metallbearbeitungsmaschinen & Werkzeugmaschinen / Verzahnungsmaschinen / Zahnrad-Abwälzfräsmaschinen vertikal - 700-999mm Raddurchmesser
2046;Zahnrad-Abwälzfräsmaschinen vertikal - ab 2000mm Raddurchmesser;Metallbearbeitungsmaschinen & Werkzeugmaschinen / Verzahnungsmaschinen / Zahnrad-Abwälzfräsmaschinen vertikal - ab 2000mm Raddurchmesser
1250;Zahnradentgratmaschinen;Metallbearbeitungsmaschinen & Werkzeugmaschinen / Verzahnungsmaschinen / Zahnradentgratmaschinen
1251;Zahnradhobelmaschinen;Metallbearbeitungsmaschinen & Werkzeugmaschinen / Verzahnungsmaschinen / Zahnradhobelmaschinen
1252;Zahnradhonmaschinen;Metallbearbeitungsmaschinen & Werkzeugmaschinen / Verzahnungsmaschinen / Zahnradhonmaschinen
1253;Zahnradprüfmaschinen;Metallbearbeitungsmaschinen & Werkzeugmaschinen / Verzahnungsmaschinen / Zahnradprüfmaschinen
1254;Zahnradschabemaschinen;Metallbearbeitungsmaschinen & Werkzeugmaschinen / Verzahnungsmaschinen / Zahnradschabemaschinen
1255;Zahnradschleifmaschinen;Metallbearbeitungsmaschinen & Werkzeugmaschinen / Verzahnungsmaschinen / Zahnradschleifmaschinen
1256;Zahnradstoßmaschinen;Metallbearbeitungsmaschinen & Werkzeugmaschinen / Verzahnungsmaschinen / Zahnradstoßmaschinen
1257;Zahnstangenfräsmaschinen;Metallbearbeitungsmaschinen & Werkzeugmaschinen / Verzahnungsmaschinen / Zahnstangenfräsmaschinen
1259;Zubehör & Ersatzteile für Verzahnungsmaschinen;Metallbearbeitungsmaschinen & Werkzeugmaschinen / Verzahnungsmaschinen / Zubehör & Ersatzteile für Verzahnungsmaschinen
1205;Wellenrichtmaschinen;Metallbearbeitungsmaschinen & Werkzeugmaschinen / Wellenrichtmaschinen
238;Zentriermaschinen & Endenbearbeitungsmaschinen;Metallbearbeitungsmaschinen & Werkzeugmaschinen / Zentriermaschinen & Endenbearbeitungsmaschinen
1365;Absaugungen;Metallbearbeitungsmaschinen & Werkzeugmaschinen / Zubehör & Ersatzteile für Metallbearbeitungsmaschinen & Werkzeugmaschinen / Absaugungen
1298;Anreißplatten & Tuschierplatten;Metallbearbeitungsmaschinen & Werkzeugmaschinen / Zubehör & Ersatzteile für Metallbearbeitungsmaschinen & Werkzeugmaschinen / Anreißplatten & Tuschierplatten
1300;Aufspannplatten;Metallbearbeitungsmaschinen & Werkzeugmaschinen / Zubehör & Ersatzteile für Metallbearbeitungsmaschinen & Werkzeugmaschinen / Aufspannplatten
1301;Aufspannwinkel;Metallbearbeitungsmaschinen & Werkzeugmaschinen / Zubehör & Ersatzteile für Metallbearbeitungsmaschinen & Werkzeugmaschinen / Aufspannwinkel
1481;Aufspannwürfel;Metallbearbeitungsmaschinen & Werkzeugmaschinen / Zubehör & Ersatzteile für Metallbearbeitungsmaschinen & Werkzeugmaschinen / Aufspannwürfel
1299;Ausdrehköpfe;Metallbearbeitungsmaschinen & Werkzeugmaschinen / Zubehör & Ersatzteile für Metallbearbeitungsmaschinen & Werkzeugmaschinen / Ausdrehköpfe
1302;Dreibackenfutter;Metallbearbeitungsmaschinen & Werkzeugmaschinen / Zubehör & Ersatzteile für Metallbearbeitungsmaschinen & Werkzeugmaschinen / Dreibackenfutter
1303;Fräsdorne;Metallbearbeitungsmaschinen & Werkzeugmaschinen / Zubehör & Ersatzteile für Metallbearbeitungsmaschinen & Werkzeugmaschinen / Fräsdorne
1304;Fräsköpfe;Metallbearbeitungsmaschinen & Werkzeugmaschinen / Zubehör & Ersatzteile für Metallbearbeitungsmaschinen & Werkzeugmaschinen / Fräsköpfe
1305;Fräswerkzeuge & Drehwerkzeuge;Metallbearbeitungsmaschinen & Werkzeugmaschinen / Zubehör & Ersatzteile für Metallbearbeitungsmaschinen & Werkzeugmaschinen / Fräswerkzeuge & Drehwerkzeuge
1477;Hydraulikaggregate;Metallbearbeitungsmaschinen & Werkzeugmaschinen / Zubehör & Ersatzteile für Metallbearbeitungsmaschinen & Werkzeugmaschinen / Hydraulikaggregate
1366;Kreuztische;Metallbearbeitungsmaschinen & Werkzeugmaschinen / Zubehör & Ersatzteile für Metallbearbeitungsmaschinen & Werkzeugmaschinen / Kreuztische
1475;Kühlmitteleinrichtungen;Metallbearbeitungsmaschinen & Werkzeugmaschinen / Zubehör & Ersatzteile für Metallbearbeitungsmaschinen & Werkzeugmaschinen / Kühlmitteleinrichtungen
1587;Luftfilter;Metallbearbeitungsmaschinen & Werkzeugmaschinen / Zubehör & Ersatzteile für Metallbearbeitungsmaschinen & Werkzeugmaschinen / Luftfilter
1306;Lünetten;Metallbearbeitungsmaschinen & Werkzeugmaschinen / Zubehör & Ersatzteile für Metallbearbeitungsmaschinen & Werkzeugmaschinen / Lünetten
1307;Magnetplatten;Metallbearbeitungsmaschinen & Werkzeugmaschinen / Zubehör & Ersatzteile für Metallbearbeitungsmaschinen & Werkzeugmaschinen / Magnetplatten
1479;Maschinenfüsse & Schwingungsdämpfer;Metallbearbeitungsmaschinen & Werkzeugmaschinen / Zubehör & Ersatzteile für Metallbearbeitungsmaschinen & Werkzeugmaschinen / Maschinenfüsse & Schwingungsdämpfer
1478;Nivellierelemente & Fixatoren;Metallbearbeitungsmaschinen & Werkzeugmaschinen / Zubehör & Ersatzteile für Metallbearbeitungsmaschinen & Werkzeugmaschinen / Nivellierelemente & Fixatoren
1308;Planscheiben;Metallbearbeitungsmaschinen & Werkzeugmaschinen / Zubehör & Ersatzteile für Metallbearbeitungsmaschinen & Werkzeugmaschinen / Planscheiben
1309;Richtplatten;Metallbearbeitungsmaschinen & Werkzeugmaschinen / Zubehör & Ersatzteile für Metallbearbeitungsmaschinen & Werkzeugmaschinen / Richtplatten
1310;Rundtische;Metallbearbeitungsmaschinen & Werkzeugmaschinen / Zubehör & Ersatzteile für Metallbearbeitungsmaschinen & Werkzeugmaschinen / Rundtische
1312;Schleifscheiben;Metallbearbeitungsmaschinen & Werkzeugmaschinen / Zubehör & Ersatzteile für Metallbearbeitungsmaschinen & Werkzeugmaschinen / Schleifscheiben
1584;Schmierstoffe;Metallbearbeitungsmaschinen & Werkzeugmaschinen / Zubehör & Ersatzteile für Metallbearbeitungsmaschinen & Werkzeugmaschinen / Schmierstoffe
1311;Schraubstöcke;Metallbearbeitungsmaschinen & Werkzeugmaschinen / Zubehör & Ersatzteile für Metallbearbeitungsmaschinen & Werkzeugmaschinen / Schraubstöcke
2096;Sechsbackenfutter;Metallbearbeitungsmaschinen & Werkzeugmaschinen / Zubehör & Ersatzteile für Metallbearbeitungsmaschinen & Werkzeugmaschinen / Sechsbackenfutter
1313;Sonstige Teile für Metallbearbeitungsmaschinen & Werkzeugmaschinen;Metallbearbeitungsmaschinen & Werkzeugmaschinen / Zubehör & Ersatzteile für Metallbearbeitungsmaschinen & Werkzeugmaschinen / Sonstige Teile für Metallbearbeitungsmaschinen & Werkzeugmaschinen
1480;Spannzangeneinrichtungen;Metallbearbeitungsmaschinen & Werkzeugmaschinen / Zubehör & Ersatzteile für Metallbearbeitungsmaschinen & Werkzeugmaschinen / Spannzangeneinrichtungen
1476;Späneförderer;Metallbearbeitungsmaschinen & Werkzeugmaschinen / Zubehör & Ersatzteile für Metallbearbeitungsmaschinen & Werkzeugmaschinen / Späneförderer
1314;Stangenzuführungen;Metallbearbeitungsmaschinen & Werkzeugmaschinen / Zubehör & Ersatzteile für Metallbearbeitungsmaschinen & Werkzeugmaschinen / Stangenzuführungen
1315;Teilapparate;Metallbearbeitungsmaschinen & Werkzeugmaschinen / Zubehör & Ersatzteile für Metallbearbeitungsmaschinen & Werkzeugmaschinen / Teilapparate
1316;Vierbackenfutter;Metallbearbeitungsmaschinen & Werkzeugmaschinen / Zubehör & Ersatzteile für Metallbearbeitungsmaschinen & Werkzeugmaschinen / Vierbackenfutter
1582;Wendeplatten;Metallbearbeitungsmaschinen & Werkzeugmaschinen / Zubehör & Ersatzteile für Metallbearbeitungsmaschinen & Werkzeugmaschinen / Wendeplatten
1367;Wendespanner;Metallbearbeitungsmaschinen & Werkzeugmaschinen / Zubehör & Ersatzteile für Metallbearbeitungsmaschinen & Werkzeugmaschinen / Wendespanner
1317;Werkbänke;Metallbearbeitungsmaschinen & Werkzeugmaschinen / Zubehör & Ersatzteile für Metallbearbeitungsmaschinen & Werkzeugmaschinen / Werkbänke
1433;Werkzeugaufnahmen & Werkzeughalter;Metallbearbeitungsmaschinen & Werkzeugmaschinen / Zubehör & Ersatzteile für Metallbearbeitungsmaschinen & Werkzeugmaschinen / Werkzeugaufnahmen & Werkzeughalter
1319;Werkzeugschränke;Metallbearbeitungsmaschinen & Werkzeugmaschinen / Zubehör & Ersatzteile für Metallbearbeitungsmaschinen & Werkzeugmaschinen / Werkzeugschränke
1318;Winkeltische & Universaltische;Metallbearbeitungsmaschinen & Werkzeugmaschinen / Zubehör & Ersatzteile für Metallbearbeitungsmaschinen & Werkzeugmaschinen / Winkeltische & Universaltische
1320;Würfeltische;Metallbearbeitungsmaschinen & Werkzeugmaschinen / Zubehör & Ersatzteile für Metallbearbeitungsmaschinen & Werkzeugmaschinen / Würfeltische
1449;Ölnebelabscheider;Metallbearbeitungsmaschinen & Werkzeugmaschinen / Zubehör & Ersatzteile für Metallbearbeitungsmaschinen & Werkzeugmaschinen / Ölnebelabscheider
202;Benzinmotoren;Motoren / Benzinmotoren
203;Dieselmotoren;Motoren / Dieselmotoren
204;Elektromotoren;Motoren / Elektromotoren
205;Gasmotoren;Motoren / Gasmotoren
208;Getriebe;Motoren / Getriebe
206;LKW-Motoren;Motoren / LKW-Motoren
207;PKW-Motoren;Motoren / PKW-Motoren
684;Sonstige Motoren & Ersatzteile;Motoren / Sonstige Motoren & Ersatzteile
376;Absauganlagen;Oberflächentechnik / Absauganlagen
747;Filteranlagen;Oberflächentechnik / Filteranlagen
377;Galvanikanlagen;Oberflächentechnik / Galvanikanlagen
378;Lackieranlagen;Oberflächentechnik / Lackieranlagen
380;Pulveranlagen;Oberflächentechnik / Pulveranlagen
746;Sandstrahlanlagen;Oberflächentechnik / Sandstrahlanlagen
381;Schleifmaschinen;Oberflächentechnik / Schleifmaschinen
685;Sonstige Oberflächentechnik;Oberflächentechnik / Sonstige Oberflächentechnik
382;Vorbehandlungsanlagen;Oberflächentechnik / Vorbehandlungsanlagen
375;Ätzmaschinen;Oberflächentechnik / Ätzmaschinen
379;Öfen;Oberflächentechnik / Öfen
597;Beutelmaschinen;Papierverarbeitung & Folienverarbeitung / Beutelmaschinen
593;Briefumschlagmaschinen;Papierverarbeitung & Folienverarbeitung / Briefumschlagmaschinen
594;Etikettiermaschinen;Papierverarbeitung & Folienverarbeitung / Etikettiermaschinen
595;Faltschachtelklebemaschinen;Papierverarbeitung & Folienverarbeitung / Faltschachtelklebemaschinen
596;Falzmaschinen;Papierverarbeitung & Folienverarbeitung / Falzmaschinen
600;Kartonagenherstellung;Papierverarbeitung & Folienverarbeitung / Kartonagenherstellung
599;Kartonaufrichter;Papierverarbeitung & Folienverarbeitung / Kartonaufrichter
601;Kartonverschliesser;Papierverarbeitung & Folienverarbeitung / Kartonverschliesser
598;Kaschieranlagen;Papierverarbeitung & Folienverarbeitung / Kaschieranlagen
602;Papierhandtuchherstellungsmaschinen;Papierverarbeitung & Folienverarbeitung / Papierhandtuchherstellungsmaschinen
603;Papierhülsenherstellungsanlagen;Papierverarbeitung & Folienverarbeitung / Papierhülsenherstellungsanlagen
722;Papierliniermaschinen;Papierverarbeitung & Folienverarbeitung / Papierliniermaschinen
604;Papierschachtelherstellungsmaschinen;Papierverarbeitung & Folienverarbeitung / Papierschachtelherstellungsmaschinen
605;Pappbecherherstellung;Papierverarbeitung & Folienverarbeitung / Pappbecherherstellung
606;Perforiermaschinen;Papierverarbeitung & Folienverarbeitung / Perforiermaschinen
607;Pressen für Papier & Karton;Papierverarbeitung & Folienverarbeitung / Pressen für Papier & Karton
608;Rollbahnen;Papierverarbeitung & Folienverarbeitung / Rollbahnen
609;Schneidemaschinen;Papierverarbeitung & Folienverarbeitung / Schneidemaschinen
696;Schulheftmaschinen;Papierverarbeitung & Folienverarbeitung / Schulheftmaschinen
610;Slotter & Casemaker;Papierverarbeitung & Folienverarbeitung / Slotter & Casemaker
691;Sonstige Maschinen zur Papierverarbeitung & Folienverarbeitung;Papierverarbeitung & Folienverarbeitung / Sonstige Maschinen zur Papierverarbeitung & Folienverarbeitung
611;Stanzen für Papier & Karton;Papierverarbeitung & Folienverarbeitung / Stanzen für Papier & Karton
612;Stanztiegel;Papierverarbeitung & Folienverarbeitung / Stanztiegel
613;Toilettenpapierherstellungsmaschinen;Papierverarbeitung & Folienverarbeitung / Toilettenpapierherstellungsmaschinen
615;Wellpappenherstellung & Verarbeitung;Papierverarbeitung & Folienverarbeitung / Wellpappenherstellung & Verarbeitung
614;Wickelmaschinen;Papierverarbeitung & Folienverarbeitung / Wickelmaschinen
717;Ablaufbänder;Postbearbeitungsmaschinen / Ablaufbänder
751;Brieföffner;Postbearbeitungsmaschinen / Brieföffner
294;Falzmaschinen;Postbearbeitungsmaschinen / Falzmaschinen
295;Frankiermaschinen;Postbearbeitungsmaschinen / Frankiermaschinen
296;Kuvertiermaschinen;Postbearbeitungsmaschinen / Kuvertiermaschinen
297;Poststrassen;Postbearbeitungsmaschinen / Poststrassen
298;Reißen, Schneiden, Separieren;Postbearbeitungsmaschinen / Reißen, Schneiden, Separieren
686;Sonstige Postbearbeitungsmaschinen;Postbearbeitungsmaschinen / Sonstige Postbearbeitungsmaschinen
718;Staffelablagen;Postbearbeitungsmaschinen / Staffelablagen
299;Waagen;Postbearbeitungsmaschinen / Waagen
545;Absauganlagen & Filter;Recycling- & Entsorgungsmaschinen / Absauganlagen & Filter
546;Agglomeratoren;Recycling- & Entsorgungsmaschinen / Agglomeratoren
547;Compoundieranlagen;Recycling- & Entsorgungsmaschinen / Compoundieranlagen
697;Entmetallisierungsanlagen;Recycling- & Entsorgungsmaschinen / Entmetallisierungsanlagen
549;Entwässerungsmaschinen;Recycling- & Entsorgungsmaschinen / Entwässerungsmaschinen
550;Extruder & Extrusionsanlagen;Recycling- & Entsorgungsmaschinen / Extruder & Extrusionsanlagen
551;Förderbänder;Recycling- & Entsorgungsmaschinen / Förderbänder
552;Granulieranlagen;Recycling- & Entsorgungsmaschinen / Granulieranlagen
553;Häcksler;Recycling- & Entsorgungsmaschinen / Häcksler
555;Kunststoffaufbereitung;Recycling- & Entsorgungsmaschinen / Kunststoffaufbereitung
554;Kühlgeräte-Recyclinganlagen;Recycling- & Entsorgungsmaschinen / Kühlgeräte-Recyclinganlagen
556;Mahlanlagen;Recycling- & Entsorgungsmaschinen / Mahlanlagen
557;Mühlen;Recycling- & Entsorgungsmaschinen / Mühlen
548;Müllcontainer & Abfallbehälter;Recycling- & Entsorgungsmaschinen / Müllcontainer & Abfallbehälter
1555;Altreifenpressen;Recycling- & Entsorgungsmaschinen / Müllpressen / Altreifenpressen
1556;Ballenpressen;Recycling- & Entsorgungsmaschinen / Müllpressen / Ballenpressen
1557;Brikettierpressen;Recycling- & Entsorgungsmaschinen / Müllpressen / Brikettierpressen
1558;Dosenpressen;Recycling- & Entsorgungsmaschinen / Müllpressen / Dosenpressen
1561;Paketierpressen;Recycling- & Entsorgungsmaschinen / Müllpressen / Paketierpressen
1560;Papierpressen;Recycling- & Entsorgungsmaschinen / Müllpressen / Papierpressen
1559;Pelletierpressen;Recycling- & Entsorgungsmaschinen / Müllpressen / Pelletierpressen
1562;Presscontainer;Recycling- & Entsorgungsmaschinen / Müllpressen / Presscontainer
2416;Schneckenpressen;Recycling- & Entsorgungsmaschinen / Müllpressen / Schneckenpressen
1563;Schrottpressen;Recycling- & Entsorgungsmaschinen / Müllpressen / Schrottpressen
2093;Sonstige Müllpressen;Recycling- & Entsorgungsmaschinen / Müllpressen / Sonstige Müllpressen
1570;Zubehör & Ersatzteile für Müllpressen;Recycling- & Entsorgungsmaschinen / Müllpressen / Zubehör & Ersatzteile für Müllpressen
558;Regenerierungsanlagen;Recycling- & Entsorgungsmaschinen / Regenerierungsanlagen
1564;Alligatorscheren;Recycling- & Entsorgungsmaschinen / Scheren / Alligatorscheren
1565;Kabelscheren;Recycling- & Entsorgungsmaschinen / Scheren / Kabelscheren
1566;Metallscheren;Recycling- & Entsorgungsmaschinen / Scheren / Metallscheren
1567;Profilscheren;Recycling- & Entsorgungsmaschinen / Scheren / Profilscheren
1568;Schrottscheren;Recycling- & Entsorgungsmaschinen / Scheren / Schrottscheren
1569;Zubehör & Ersatzteile für Scheren;Recycling- & Entsorgungsmaschinen / Scheren / Zubehör & Ersatzteile für Scheren
2109;Aktenvernichter (Industrie);Recycling- & Entsorgungsmaschinen / Schredder / Aktenvernichter (Industrie)
2103;Dreiwellenzerkleinerer;Recycling- & Entsorgungsmaschinen / Schredder / Dreiwellenzerkleinerer
2097;Einwellenzerkleinerer;Recycling- & Entsorgungsmaschinen / Schredder / Einwellenzerkleinerer
2124;Mobile Zerkleinerungsanlage;Recycling- & Entsorgungsmaschinen / Schredder / Mobile Zerkleinerungsanlage
2115;Nachzerkleinerer;Recycling- & Entsorgungsmaschinen / Schredder / Nachzerkleinerer
2127;Rotorschere;Recycling- & Entsorgungsmaschinen / Schredder / Rotorschere
2118;Styroporschredder;Recycling- & Entsorgungsmaschinen / Schredder / Styroporschredder
2106;Vierwellenzerkleinerer;Recycling- & Entsorgungsmaschinen / Schredder / Vierwellenzerkleinerer
2112;Vorzerkleinerer;Recycling- & Entsorgungsmaschinen / Schredder / Vorzerkleinerer
2121;Zerkleinerungswellen;Recycling- & Entsorgungsmaschinen / Schredder / Zerkleinerungswellen
2130;Zubehör & Ersatzteile für Shredder;Recycling- & Entsorgungsmaschinen / Schredder / Zubehör & Ersatzteile für Shredder
2100;Zweiwellenzerkleinerer;Recycling- & Entsorgungsmaschinen / Schredder / Zweiwellenzerkleinerer
560;Siebanlagen;Recycling- & Entsorgungsmaschinen / Siebanlagen
561;Silos;Recycling- & Entsorgungsmaschinen / Silos
675;Sonstige Maschinen für Recycling & Entsorgung;Recycling- & Entsorgungsmaschinen / Sonstige Maschinen für Recycling & Entsorgung
562;Sortieranlagen;Recycling- & Entsorgungsmaschinen / Sortieranlagen
563;Trenntechnik;Recycling- & Entsorgungsmaschinen / Trenntechnik
564;Trockner;Recycling- & Entsorgungsmaschinen / Trockner
566;Windsichter;Recycling- & Entsorgungsmaschinen / Windsichter
567;Zentrifugen;Recycling- & Entsorgungsmaschinen / Zentrifugen
568;Zerkleinerungsanlagen;Recycling- & Entsorgungsmaschinen / Zerkleinerungsanlagen
287;Aufsitzkehrmaschinen & Scheuersaugmaschinen;Reinigungstechnik / Aufsitzkehrmaschinen & Scheuersaugmaschinen
284;Einscheibenmaschinen;Reinigungstechnik / Einscheibenmaschinen
285;Hochdruckreiniger;Reinigungstechnik / Hochdruckreiniger
286;Hochdruckwasserstrahlanlagen;Reinigungstechnik / Hochdruckwasserstrahlanlagen
736;Maschinen- & Teilereinigungsgeräte;Reinigungstechnik / Maschinen- & Teilereinigungsgeräte
226;Niederdruckreiniger;Reinigungstechnik / Niederdruckreiniger
288;Sandstrahler;Reinigungstechnik / Sandstrahler
289;Scheuersaugmaschinen;Reinigungstechnik / Scheuersaugmaschinen
687;Sonstige Reinigungsmaschinen;Reinigungstechnik / Sonstige Reinigungsmaschinen
290;Staubsauger;Reinigungstechnik / Staubsauger
291;Textilreinigungsmaschinen;Reinigungstechnik / Textilreinigungsmaschinen
766;Trockeneisstrahlgeräte;Reinigungstechnik / Trockeneisstrahlgeräte
292;Ultraschallreinigungsanlagen;Reinigungstechnik / Ultraschallreinigungsanlagen
293;Waschanlagen;Reinigungstechnik / Waschanlagen
33;Sondermaschinen;Sondermaschinen
34;Sonstige Maschinen;Sonstige Maschinen
1915;3-Rad Gabelstapler;Stapler & Flurförderzeuge / 3-Rad Gabelstapler
1916;4-Rad Gabelstapler;Stapler & Flurförderzeuge / 4-Rad Gabelstapler
383;Ameisen;Stapler & Flurförderzeuge / Ameisen
1987;Abschieber;Stapler & Flurförderzeuge / Anbaugeräte für Stapler / Abschieber
1989;Ballenklammer;Stapler & Flurförderzeuge / Anbaugeräte für Stapler / Ballenklammer
1988;Baustoffbehälter;Stapler & Flurförderzeuge / Anbaugeräte für Stapler / Baustoffbehälter
1990;Befülltrichter;Stapler & Flurförderzeuge / Anbaugeräte für Stapler / Befülltrichter
1991;Drehgeräte;Stapler & Flurförderzeuge / Anbaugeräte für Stapler / Drehgeräte
1992;Entleergeräte;Stapler & Flurförderzeuge / Anbaugeräte für Stapler / Entleergeräte
1993;Fasshandling;Stapler & Flurförderzeuge / Anbaugeräte für Stapler / Fasshandling
1994;Gabeln;Stapler & Flurförderzeuge / Anbaugeräte für Stapler / Gabeln
1995;Gabelverlängerungen;Stapler & Flurförderzeuge / Anbaugeräte für Stapler / Gabelverlängerungen
1996;Geräteklammern;Stapler & Flurförderzeuge / Anbaugeräte für Stapler / Geräteklammern
1997;Hafenklammern;Stapler & Flurförderzeuge / Anbaugeräte für Stapler / Hafenklammern
1998;Hydraulische Seilwinden;Stapler & Flurförderzeuge / Anbaugeräte für Stapler / Hydraulische Seilwinden
1999;Kartonklammern;Stapler & Flurförderzeuge / Anbaugeräte für Stapler / Kartonklammern
2000;Kastenwagen;Stapler & Flurförderzeuge / Anbaugeräte für Stapler / Kastenwagen
2001;Kehraufsätze;Stapler & Flurförderzeuge / Anbaugeräte für Stapler / Kehraufsätze
2002;Kippvorrichtungen mit Schaufeln;Stapler & Flurförderzeuge / Anbaugeräte für Stapler / Kippvorrichtungen mit Schaufeln
2004;Klammergabeln;Stapler & Flurförderzeuge / Anbaugeräte für Stapler / Klammergabeln
2003;Klammern für Zementrohre;Stapler & Flurförderzeuge / Anbaugeräte für Stapler / Klammern für Zementrohre
2005;Klemmschieber;Stapler & Flurförderzeuge / Anbaugeräte für Stapler / Klemmschieber
2006;Kranarme;Stapler & Flurförderzeuge / Anbaugeräte für Stapler / Kranarme
2007;Lasthalter;Stapler & Flurförderzeuge / Anbaugeräte für Stapler / Lasthalter
2008;Mehrpalettengabeln;Stapler & Flurförderzeuge / Anbaugeräte für Stapler / Mehrpalettengabeln
2009;Palettenwendegeräte;Stapler & Flurförderzeuge / Anbaugeräte für Stapler / Palettenwendegeräte
2010;Papierrollenklammern;Stapler & Flurförderzeuge / Anbaugeräte für Stapler / Papierrollenklammern
2011;Personenkörbe;Stapler & Flurförderzeuge / Anbaugeräte für Stapler / Personenkörbe
2012;Reifenklammern;Stapler & Flurförderzeuge / Anbaugeräte für Stapler / Reifenklammern
2013;Rohrklammern;Stapler & Flurförderzeuge / Anbaugeräte für Stapler / Rohrklammern
2014;Rundholzzangen;Stapler & Flurförderzeuge / Anbaugeräte für Stapler / Rundholzzangen
2015;Schaumstoffklammern;Stapler & Flurförderzeuge / Anbaugeräte für Stapler / Schaumstoffklammern
2016;Schneeschieber;Stapler & Flurförderzeuge / Anbaugeräte für Stapler / Schneeschieber
2017;Schüttgutschaufeln;Stapler & Flurförderzeuge / Anbaugeräte für Stapler / Schüttgutschaufeln
2018;Seitenschieber;Stapler & Flurförderzeuge / Anbaugeräte für Stapler / Seitenschieber
2019;Seitenschubgeräte;Stapler & Flurförderzeuge / Anbaugeräte für Stapler / Seitenschubgeräte
2020;Silobehälter;Stapler & Flurförderzeuge / Anbaugeräte für Stapler / Silobehälter
2029;Sonstige Anbaugeräte für Stapler;Stapler & Flurförderzeuge / Anbaugeräte für Stapler / Sonstige Anbaugeräte für Stapler
2022;Stapelkipper;Stapler & Flurförderzeuge / Anbaugeräte für Stapler / Stapelkipper
2021;Steinklammern;Stapler & Flurförderzeuge / Anbaugeräte für Stapler / Steinklammern
2023;Tabakklammern;Stapler & Flurförderzeuge / Anbaugeräte für Stapler / Tabakklammern
2024;Teleskopgabelzinken;Stapler & Flurförderzeuge / Anbaugeräte für Stapler / Teleskopgabelzinken
2025;Tragdorne & Teppichdorne;Stapler & Flurförderzeuge / Anbaugeräte für Stapler / Tragdorne & Teppichdorne
2026;Vorschubgabelträger;Stapler & Flurförderzeuge / Anbaugeräte für Stapler / Vorschubgabelträger
2027;Zelluloseklammern & Ballenklammern;Stapler & Flurförderzeuge / Anbaugeräte für Stapler / Zelluloseklammern & Ballenklammern
2028;Zinkenverstellgeräte;Stapler & Flurförderzeuge / Anbaugeräte für Stapler / Zinkenverstellgeräte
2030;Zubehör & Ersatzteile für Anbaugeräte (Stapler);Stapler & Flurförderzeuge / Anbaugeräte für Stapler / Zubehör & Ersatzteile für Anbaugeräte (Stapler)
1909;Containerstapler;Stapler & Flurförderzeuge / Containerstapler
2512;Fahrerlose Transportsysteme (FTS / AGV / AMR);Stapler & Flurförderzeuge / Fahrerlose Transportsysteme (FTS / AGV / AMR)
1931;Fahrersitzwagen;Stapler & Flurförderzeuge / Fahrersitzwagen
798;Frontstapler;Stapler & Flurförderzeuge / Frontstapler
1906;Geländestapler;Stapler & Flurförderzeuge / Geländestapler
1928;Hochregalstapler & Schmalgangstapler;Stapler & Flurförderzeuge / Hochregalstapler & Schmalgangstapler
1921;Hochhubwagen;Stapler & Flurförderzeuge / Hubwagen / Hochhubwagen
1929;Kommissionierer;Stapler & Flurförderzeuge / Hubwagen / Kommissionierer
1919;Niederhubwagen;Stapler & Flurförderzeuge / Hubwagen / Niederhubwagen
1911;Mitnahmestapler;Stapler & Flurförderzeuge / Mitnahmestapler
1910;Reachstacker;Stapler & Flurförderzeuge / Reachstacker
1917;Schubmaststapler;Stapler & Flurförderzeuge / Schubmaststapler
1908;Seitenstapler;Stapler & Flurförderzeuge / Seitenstapler
802;Sonstige Stapler & Flurförderzeuge;Stapler & Flurförderzeuge / Sonstige Stapler & Flurförderzeuge
1907;Teleskoparmstapler;Stapler & Flurförderzeuge / Teleskoparmstapler
1930;Traktoren & Schlepper (Gabelstapler);Stapler & Flurförderzeuge / Traktoren & Schlepper (Gabelstapler)
1927;Vierwegestapler;Stapler & Flurförderzeuge / Vierwegestapler
1933;Zubehör / Ersatzteile für Gabelstapler;Stapler & Flurförderzeuge / Zubehör / Ersatzteile für Gabelstapler
422;Abflammgeräte;Steinbearbeitungsmaschinen / Abflammgeräte
770;Bearbeitungszentren für Stein und Marmor;Steinbearbeitungsmaschinen / Bearbeitungszentren für Stein und Marmor
424;Entwässerungsanlagen;Steinbearbeitungsmaschinen / Entwässerungsanlagen
426;Kegelbrecher;Steinbearbeitungsmaschinen / Kegelbrecher
427;Klassieranlagen;Steinbearbeitungsmaschinen / Klassieranlagen
428;Kompressoren;Steinbearbeitungsmaschinen / Kompressoren
429;Mühlen für Steinverarbeitung;Steinbearbeitungsmaschinen / Mühlen für Steinverarbeitung
432;Sandstrahlgeräte;Steinbearbeitungsmaschinen / Sandstrahlgeräte
430;Schleifmaschinen für Steinbearbeitung;Steinbearbeitungsmaschinen / Schleifmaschinen für Steinbearbeitung
688;Sonstige Steinbearbeitungsmaschinen;Steinbearbeitungsmaschinen / Sonstige Steinbearbeitungsmaschinen
423;Steinbohrmaschinen;Steinbearbeitungsmaschinen / Steinbohrmaschinen
425;Steinfräsen;Steinbearbeitungsmaschinen / Steinfräsen
721;Steinspaltmaschinen;Steinbearbeitungsmaschinen / Steinspaltmaschinen
431;Steinsägen;Steinbearbeitungsmaschinen / Steinsägen
433;Vakuumheber;Steinbearbeitungsmaschinen / Vakuumheber
434;Wasserversorgungsanlagen;Steinbearbeitungsmaschinen / Wasserversorgungsanlagen
435;Ziehsteinbearbeitungsmaschinen;Steinbearbeitungsmaschinen / Ziehsteinbearbeitungsmaschinen
352;Computerprogramme;Telekommunikationstechnik & Computertechnik / Computerprogramme
353;Faxgeräte;Telekommunikationstechnik & Computertechnik / Faxgeräte
354;Handys;Telekommunikationstechnik & Computertechnik / Handys
355;Industrie Computer;Telekommunikationstechnik & Computertechnik / Industrie Computer
356;Laptops;Telekommunikationstechnik & Computertechnik / Laptops
358;PCs;Telekommunikationstechnik & Computertechnik / PCs
357;Peripheriegeräte & Ersatzteile;Telekommunikationstechnik & Computertechnik / Peripheriegeräte & Ersatzteile
359;Server;Telekommunikationstechnik & Computertechnik / Server
692;Sonstige Telekommunikationstechnik & Computertechnik;Telekommunikationstechnik & Computertechnik / Sonstige Telekommunikationstechnik & Computertechnik
360;Telefonanlagen;Telekommunikationstechnik & Computertechnik / Telefonanlagen
361;Telefone;Telekommunikationstechnik & Computertechnik / Telefone
362;Workstations;Telekommunikationstechnik & Computertechnik / Workstations
569;Bügelmaschinen;Textilmaschinen / Bügelmaschinen
571;Doubliermaschinen;Textilmaschinen / Doubliermaschinen
572;Etikettiermaschinen;Textilmaschinen / Etikettiermaschinen
574;Fach- & Zwirnmaschinen;Textilmaschinen / Fach- & Zwirnmaschinen
575;Filter;Textilmaschinen / Filter
576;Flechtmaschinen;Textilmaschinen / Flechtmaschinen
573;Färbeanlagen;Textilmaschinen / Färbeanlagen
577;Hutherstellung;Textilmaschinen / Hutherstellung
578;Kaschiermaschinen;Textilmaschinen / Kaschiermaschinen
701;Kettenwirkmaschinen;Textilmaschinen / Kettenwirkmaschinen
579;Nähmaschinen;Textilmaschinen / Nähmaschinen
580;Plissiermaschine;Textilmaschinen / Plissiermaschine
642;Raschelmaschinen;Textilmaschinen / Raschelmaschinen
582;Rauhmaschinen;Textilmaschinen / Rauhmaschinen
723;Riegelautomaten;Textilmaschinen / Riegelautomaten
583;Schneidemaschinen;Textilmaschinen / Schneidemaschinen
702;Schärmaschinen;Textilmaschinen / Schärmaschinen
677;Sonstige Textilmaschinen;Textilmaschinen / Sonstige Textilmaschinen
735;Spannrahmen;Textilmaschinen / Spannrahmen
584;Spinnmaschinen;Textilmaschinen / Spinnmaschinen
585;Spulmaschinen;Textilmaschinen / Spulmaschinen
586;Stanzmaschinen;Textilmaschinen / Stanzmaschinen
587;Steppmaschinen;Textilmaschinen / Steppmaschinen
588;Stickmaschinen;Textilmaschinen / Stickmaschinen
755;Streckspulmaschinen;Textilmaschinen / Streckspulmaschinen
589;Strickmaschinen;Textilmaschinen / Strickmaschinen
570;Textildruckmaschinen;Textilmaschinen / Textildruckmaschinen
2048;Absaugungen & Entlüftungsanlagen;Textilmaschinen / Textilpflegemaschinen / Absaugungen & Entlüftungsanlagen
2049;Bügelmaschinen;Textilmaschinen / Textilpflegemaschinen / Bügelmaschinen
2050;Dampfkessel;Textilmaschinen / Textilpflegemaschinen / Dampfkessel
2052;Detachiertische;Textilmaschinen / Textilpflegemaschinen / Detachiertische
2051;Enthärtungsanlagen;Textilmaschinen / Textilpflegemaschinen / Enthärtungsanlagen
2053;Garderobenformer;Textilmaschinen / Textilpflegemaschinen / Garderobenformer
2054;Hemdenfinisher;Textilmaschinen / Textilpflegemaschinen / Hemdenfinisher
2055;Hosentopper;Textilmaschinen / Textilpflegemaschinen / Hosentopper
2056;Kompressoren;Textilmaschinen / Textilpflegemaschinen / Kompressoren
2057;Mangeln;Textilmaschinen / Textilpflegemaschinen / Mangeln
2058;Pressen;Textilmaschinen / Textilpflegemaschinen / Pressen
2061;Sonstige Textilpflegemaschinen;Textilmaschinen / Textilpflegemaschinen / Sonstige Textilpflegemaschinen
2059;Textilreinigungsmaschinen KWL;Textilmaschinen / Textilpflegemaschinen / Textilreinigungsmaschinen KWL
2060;Textilreinigungsmaschinen PER;Textilmaschinen / Textilpflegemaschinen / Textilreinigungsmaschinen PER
2062;Trockner;Textilmaschinen / Textilpflegemaschinen / Trockner
2063;Verpackungsmaschinen;Textilmaschinen / Textilpflegemaschinen / Verpackungsmaschinen
2064;Waagen;Textilmaschinen / Textilpflegemaschinen / Waagen
2065;Waschmaschinen;Textilmaschinen / Textilpflegemaschinen / Waschmaschinen
2066;Zentrifugen;Textilmaschinen / Textilpflegemaschinen / Zentrifugen
2067;Zubehör & Ersatzteile für Textilpflegemaschinen;Textilmaschinen / Textilpflegemaschinen / Zubehör & Ersatzteile für Textilpflegemaschinen
581;Textilpressen;Textilmaschinen / Textilpressen
590;Textilreinigungsmaschinen;Textilmaschinen / Textilreinigungsmaschinen
769;Textilverpackung;Textilmaschinen / Textilverpackung
756;Texturiermaschinen;Textilmaschinen / Texturiermaschinen
591;Vliesstoffmaschinen;Textilmaschinen / Vliesstoffmaschinen
592;Webmaschinen;Textilmaschinen / Webmaschinen
758;Wickler;Textilmaschinen / Wickler
724;Zwirnmaschinen;Textilmaschinen / Zwirnmaschinen
1761;Abrollanhänger;Transportfahrzeuge & Nutzfahrzeuge / Anhänger / Abrollanhänger
2162;Abschiebewagen;Transportfahrzeuge & Nutzfahrzeuge / Anhänger / Abschiebewagen
1762;Absetzkipper Anhänger;Transportfahrzeuge & Nutzfahrzeuge / Anhänger / Absetzkipper Anhänger
1763;Anhänger Arbeitsbühne;Transportfahrzeuge & Nutzfahrzeuge / Anhänger / Anhänger Arbeitsbühne
1770;Anhänger Fahrgestell;Transportfahrzeuge & Nutzfahrzeuge / Anhänger / Anhänger Fahrgestell
1787;Anhänger Sonderfahrzeuge;Transportfahrzeuge & Nutzfahrzeuge / Anhänger / Anhänger Sonderfahrzeuge
1793;Anhänger Wechselfahrgestell;Transportfahrzeuge & Nutzfahrzeuge / Anhänger / Anhänger Wechselfahrgestell
2168;Anhänger mit MEGA Aufbau;Transportfahrzeuge & Nutzfahrzeuge / Anhänger / Anhänger mit MEGA Aufbau
1785;Anhänger mit Pritsche & Plane;Transportfahrzeuge & Nutzfahrzeuge / Anhänger / Anhänger mit Pritsche & Plane
2165;Anhänger mit Standardaufbau;Transportfahrzeuge & Nutzfahrzeuge / Anhänger / Anhänger mit Standardaufbau
1784;Anhänger mit offener Pritsche;Transportfahrzeuge & Nutzfahrzeuge / Anhänger / Anhänger mit offener Pritsche
1764;Autotransportanhänger;Transportfahrzeuge & Nutzfahrzeuge / Anhänger / Autotransportanhänger
1765;Baumaschinenanhänger;Transportfahrzeuge & Nutzfahrzeuge / Anhänger / Baumaschinenanhänger
1766;Bauwagen Anhänger;Transportfahrzeuge & Nutzfahrzeuge / Anhänger / Bauwagen Anhänger
1767;Betonmischer Anhänger;Transportfahrzeuge & Nutzfahrzeuge / Anhänger / Betonmischer Anhänger
1768;Bootsanhänger;Transportfahrzeuge & Nutzfahrzeuge / Anhänger / Bootsanhänger
1769;Dreiseitenkipper Anhänger;Transportfahrzeuge & Nutzfahrzeuge / Anhänger / Dreiseitenkipper Anhänger
1771;Getränkeanhänger;Transportfahrzeuge & Nutzfahrzeuge / Anhänger / Getränkeanhänger
1772;Glastransportanhänger;Transportfahrzeuge & Nutzfahrzeuge / Anhänger / Glastransportanhänger
1773;Holztransport Anhänger;Transportfahrzeuge & Nutzfahrzeuge / Anhänger / Holztransport Anhänger
1774;Kipper Anhänger;Transportfahrzeuge & Nutzfahrzeuge / Anhänger / Kipper Anhänger
1775;Kofferanhänger;Transportfahrzeuge & Nutzfahrzeuge / Anhänger / Kofferanhänger
1776;Kühlanhänger & Frischdienstkoffer;Transportfahrzeuge & Nutzfahrzeuge / Anhänger / Kühlanhänger & Frischdienstkoffer
1779;Langmaterialtransporter;Transportfahrzeuge & Nutzfahrzeuge / Anhänger / Langmaterialtransporter
1780;Lebensmitteltankanhänger;Transportfahrzeuge & Nutzfahrzeuge / Anhänger / Lebensmitteltankanhänger
1777;Motorradanhänger;Transportfahrzeuge & Nutzfahrzeuge / Anhänger / Motorradanhänger
2171;Muldenkipper Anhänger;Transportfahrzeuge & Nutzfahrzeuge / Anhänger / Muldenkipper Anhänger
1778;Möbelliftanhänger;Transportfahrzeuge & Nutzfahrzeuge / Anhänger / Möbelliftanhänger
1782;PKW-Anhänger;Transportfahrzeuge & Nutzfahrzeuge / Anhänger / PKW-Anhänger
1781;Pferdeanhänger;Transportfahrzeuge & Nutzfahrzeuge / Anhänger / Pferdeanhänger
1783;Plattformanhänger;Transportfahrzeuge & Nutzfahrzeuge / Anhänger / Plattformanhänger
1786;Schwerlastanhänger;Transportfahrzeuge & Nutzfahrzeuge / Anhänger / Schwerlastanhänger
1951;Siloanhänger;Transportfahrzeuge & Nutzfahrzeuge / Anhänger / Siloanhänger
1788;Spezialanhänger & sonstige Anhänger;Transportfahrzeuge & Nutzfahrzeuge / Anhänger / Spezialanhänger & sonstige Anhänger
1789;Tankanhänger;Transportfahrzeuge & Nutzfahrzeuge / Anhänger / Tankanhänger
2174;Teile & Zubehör für Anhänger;Transportfahrzeuge & Nutzfahrzeuge / Anhänger / Teile & Zubehör für Anhänger
1790;Tieflader Anhänger;Transportfahrzeuge & Nutzfahrzeuge / Anhänger / Tieflader Anhänger
2159;Tieflader Anhänger (Baumaschinen);Transportfahrzeuge & Nutzfahrzeuge / Anhänger / Tieflader Anhänger (Baumaschinen)
1791;Verkaufsanhänger;Transportfahrzeuge & Nutzfahrzeuge / Anhänger / Verkaufsanhänger
1792;Viehanhänger;Transportfahrzeuge & Nutzfahrzeuge / Anhänger / Viehanhänger
2186;Abschiebe-Sattelauflieger;Transportfahrzeuge & Nutzfahrzeuge / Auflieger / Abschiebe-Sattelauflieger
1833;Auflieger Fahrgestell;Transportfahrzeuge & Nutzfahrzeuge / Auflieger / Auflieger Fahrgestell
1852;Auflieger Wechselfahrgestell;Transportfahrzeuge & Nutzfahrzeuge / Auflieger / Auflieger Wechselfahrgestell
1829;Auflieger mit Arbeitsbühne;Transportfahrzeuge & Nutzfahrzeuge / Auflieger / Auflieger mit Arbeitsbühne
1844;Auflieger mit Pritsche & Plane;Transportfahrzeuge & Nutzfahrzeuge / Auflieger / Auflieger mit Pritsche & Plane
1849;Auflieger mit Verkaufsaufbau;Transportfahrzeuge & Nutzfahrzeuge / Auflieger / Auflieger mit Verkaufsaufbau
1851;Auflieger mit Walkingfloor & Schubboden;Transportfahrzeuge & Nutzfahrzeuge / Auflieger / Auflieger mit Walkingfloor & Schubboden
1843;Auflieger mit offener Pritsche;Transportfahrzeuge & Nutzfahrzeuge / Auflieger / Auflieger mit offener Pritsche
1831;Autokran Auflieger;Transportfahrzeuge & Nutzfahrzeuge / Auflieger / Autokran Auflieger
1832;Autotransporter Auflieger;Transportfahrzeuge & Nutzfahrzeuge / Auflieger / Autotransporter Auflieger
2195;Bandauflieger;Transportfahrzeuge & Nutzfahrzeuge / Auflieger / Bandauflieger
1830;Betonmischer Auflieger;Transportfahrzeuge & Nutzfahrzeuge / Auflieger / Betonmischer Auflieger
1837;Dreiseitenkipper Auflieger;Transportfahrzeuge & Nutzfahrzeuge / Auflieger / Dreiseitenkipper Auflieger
1834;Getränkeauflieger;Transportfahrzeuge & Nutzfahrzeuge / Auflieger / Getränkeauflieger
1835;Holztransport Auflieger;Transportfahrzeuge & Nutzfahrzeuge / Auflieger / Holztransport Auflieger
1836;Kipper Auflieger;Transportfahrzeuge & Nutzfahrzeuge / Auflieger / Kipper Auflieger
1838;Kofferauflieger;Transportfahrzeuge & Nutzfahrzeuge / Auflieger / Kofferauflieger
1839;Kühlauflieger & Frischdienstkoffer;Transportfahrzeuge & Nutzfahrzeuge / Auflieger / Kühlauflieger & Frischdienstkoffer
1840;Langmaterialtransporter Auflieger;Transportfahrzeuge & Nutzfahrzeuge / Auflieger / Langmaterialtransporter Auflieger
1841;Lebensmitteltank Auflieger;Transportfahrzeuge & Nutzfahrzeuge / Auflieger / Lebensmitteltank Auflieger
2189;Muldenkipper Auflieger;Transportfahrzeuge & Nutzfahrzeuge / Auflieger / Muldenkipper Auflieger
1842;Plattform Auflieger;Transportfahrzeuge & Nutzfahrzeuge / Auflieger / Plattform Auflieger
1845;Siloauflieger;Transportfahrzeuge & Nutzfahrzeuge / Auflieger / Siloauflieger
1853;Sonderauflieger & sonstige Auflieger;Transportfahrzeuge & Nutzfahrzeuge / Auflieger / Sonderauflieger & sonstige Auflieger
1846;Tankauflieger;Transportfahrzeuge & Nutzfahrzeuge / Auflieger / Tankauflieger
2192;Teile & Zubehör für Auflieger;Transportfahrzeuge & Nutzfahrzeuge / Auflieger / Teile & Zubehör für Auflieger
1847;Tiefkühlauflieger;Transportfahrzeuge & Nutzfahrzeuge / Auflieger / Tiefkühlauflieger
2177;Tieflader Auflieger;Transportfahrzeuge & Nutzfahrzeuge / Auflieger / Tieflader Auflieger
1848;Tieflader Auflieger (Baumaschinen);Transportfahrzeuge & Nutzfahrzeuge / Auflieger / Tieflader Auflieger (Baumaschinen)
1850;Viehtransporter Auflieger;Transportfahrzeuge & Nutzfahrzeuge / Auflieger / Viehtransporter Auflieger
1884;Doppeldeckerbusse;Transportfahrzeuge & Nutzfahrzeuge / Busse / Doppeldeckerbusse
2198;Ersatzteile & Zubehör für Busse;Transportfahrzeuge & Nutzfahrzeuge / Busse / Ersatzteile & Zubehör für Busse
1885;Gelenkbusse;Transportfahrzeuge & Nutzfahrzeuge / Busse / Gelenkbusse
1886;Kleinbusse;Transportfahrzeuge & Nutzfahrzeuge / Busse / Kleinbusse
1887;Kombibusse;Transportfahrzeuge & Nutzfahrzeuge / Busse / Kombibusse
1888;Linienbusse;Transportfahrzeuge & Nutzfahrzeuge / Busse / Linienbusse
1890;Reisebusse;Transportfahrzeuge & Nutzfahrzeuge / Busse / Reisebusse
1892;Sonstige Busse;Transportfahrzeuge & Nutzfahrzeuge / Busse / Sonstige Busse
1889;Stadtbusse;Transportfahrzeuge & Nutzfahrzeuge / Busse / Stadtbusse
1891;Überlandbusse;Transportfahrzeuge & Nutzfahrzeuge / Busse / Überlandbusse
251;LKW Teile & Zubehör;Transportfahrzeuge & Nutzfahrzeuge / LKW Teile & Zubehör
1855;Abrollkipper;Transportfahrzeuge & Nutzfahrzeuge / LKW über 7,5t / Abrollkipper
1854;Abschleppwagen;Transportfahrzeuge & Nutzfahrzeuge / LKW über 7,5t / Abschleppwagen
1856;Absetzkipper & Container LKW;Transportfahrzeuge & Nutzfahrzeuge / LKW über 7,5t / Absetzkipper & Container LKW
1857;Autokrane;Transportfahrzeuge & Nutzfahrzeuge / LKW über 7,5t / Autokrane
1858;Autotransporter;Transportfahrzeuge & Nutzfahrzeuge / LKW über 7,5t / Autotransporter
1859;Betonmischer LKW;Transportfahrzeuge & Nutzfahrzeuge / LKW über 7,5t / Betonmischer LKW
1861;Dreiseitenkipper LKW;Transportfahrzeuge & Nutzfahrzeuge / LKW über 7,5t / Dreiseitenkipper LKW
1863;Getreidekipper;Transportfahrzeuge & Nutzfahrzeuge / LKW über 7,5t / Getreidekipper
1865;Holztransporter LKW;Transportfahrzeuge & Nutzfahrzeuge / LKW über 7,5t / Holztransporter LKW
1867;Jumbo-LKW;Transportfahrzeuge & Nutzfahrzeuge / LKW über 7,5t / Jumbo-LKW
2138;Kehrmaschine (LKW);Transportfahrzeuge & Nutzfahrzeuge / LKW über 7,5t / Kehrmaschine (LKW)
1860;LKW Betonpumpe;Transportfahrzeuge & Nutzfahrzeuge / LKW über 7,5t / LKW Betonpumpe
1862;LKW Fahrgestell;Transportfahrzeuge & Nutzfahrzeuge / LKW über 7,5t / LKW Fahrgestell
1868;LKW Kipper;Transportfahrzeuge & Nutzfahrzeuge / LKW über 7,5t / LKW Kipper
1880;LKW für Viehtransport & Pferdetransport;Transportfahrzeuge & Nutzfahrzeuge / LKW über 7,5t / LKW für Viehtransport & Pferdetransport
1864;LKW mit Getränkeaufbau;Transportfahrzeuge & Nutzfahrzeuge / LKW über 7,5t / LKW mit Getränkeaufbau
1866;LKW mit Hubarbeitsbühne;Transportfahrzeuge & Nutzfahrzeuge / LKW über 7,5t / LKW mit Hubarbeitsbühne
1869;LKW mit Kofferaufbau;Transportfahrzeuge & Nutzfahrzeuge / LKW über 7,5t / LKW mit Kofferaufbau
1871;LKW mit Kühlkoffer & Frischdienstkoffer;Transportfahrzeuge & Nutzfahrzeuge / LKW über 7,5t / LKW mit Kühlkoffer & Frischdienstkoffer
1876;LKW mit Pritsche & Plane;Transportfahrzeuge & Nutzfahrzeuge / LKW über 7,5t / LKW mit Pritsche & Plane
1875;LKW mit Pritsche (offen);Transportfahrzeuge & Nutzfahrzeuge / LKW über 7,5t / LKW mit Pritsche (offen)
1878;LKW mit Siloaufbau;Transportfahrzeuge & Nutzfahrzeuge / LKW über 7,5t / LKW mit Siloaufbau
1949;LKW mit Sonderaufbauten;Transportfahrzeuge & Nutzfahrzeuge / LKW über 7,5t / LKW mit Sonderaufbauten
1879;LKW mit Tankaufbau & Tankwagen;Transportfahrzeuge & Nutzfahrzeuge / LKW über 7,5t / LKW mit Tankaufbau & Tankwagen
1881;LKW mit Verkaufsaufbau;Transportfahrzeuge & Nutzfahrzeuge / LKW über 7,5t / LKW mit Verkaufsaufbau
1882;LKW mit Wechselfahrgestell & Wechselbrücke;Transportfahrzeuge & Nutzfahrzeuge / LKW über 7,5t / LKW mit Wechselfahrgestell & Wechselbrücke
1870;Lastzug & LKW Zug;Transportfahrzeuge & Nutzfahrzeuge / LKW über 7,5t / Lastzug & LKW Zug
1872;Lebensmitteltankwagen;Transportfahrzeuge & Nutzfahrzeuge / LKW über 7,5t / Lebensmitteltankwagen
1874;Muldenkipper;Transportfahrzeuge & Nutzfahrzeuge / LKW über 7,5t / Muldenkipper
1873;Müllwagen;Transportfahrzeuge & Nutzfahrzeuge / LKW über 7,5t / Müllwagen
1877;Saugfahrzeuge & Druckwagen über 7,5t;Transportfahrzeuge & Nutzfahrzeuge / LKW über 7,5t / Saugfahrzeuge & Druckwagen über 7,5t
1883;Spezial-LKW;Transportfahrzeuge & Nutzfahrzeuge / LKW über 7,5t / Spezial-LKW
2132;Oldtimer LKW;Transportfahrzeuge & Nutzfahrzeuge / Oldtimer LKW
1795;Gefahrgut LKW;Transportfahrzeuge & Nutzfahrzeuge / Sattelzugmaschinen / Gefahrgut LKW
1796;Schwerlast LKW/SZM;Transportfahrzeuge & Nutzfahrzeuge / Sattelzugmaschinen / Schwerlast LKW/SZM
1797;Sonstige Sattelzugmaschinen;Transportfahrzeuge & Nutzfahrzeuge / Sattelzugmaschinen / Sonstige Sattelzugmaschinen
1798;Standard Sattelzugmaschinen (SZM);Transportfahrzeuge & Nutzfahrzeuge / Sattelzugmaschinen / Standard Sattelzugmaschinen (SZM)
2141;Teile & Zubehör für Sattelzugmaschinen (SZM);Transportfahrzeuge & Nutzfahrzeuge / Sattelzugmaschinen / Teile & Zubehör für Sattelzugmaschinen (SZM)
1799;Volumen Sattelzugmaschine (SZM);Transportfahrzeuge & Nutzfahrzeuge / Sattelzugmaschinen / Volumen Sattelzugmaschine (SZM)
250;Schienen-, Luft- & Wasserfahrzeuge;Transportfahrzeuge & Nutzfahrzeuge / Schienen-, Luft- & Wasserfahrzeuge
663;Sonstige Fahrzeuge;Transportfahrzeuge & Nutzfahrzeuge / Sonstige Fahrzeuge
1801;Abrollkipper bis 7,5t;Transportfahrzeuge & Nutzfahrzeuge / Transporter & LKW bis 7,5t / Abrollkipper bis 7,5t
1800;Abschleppwagen bis 7,5t;Transportfahrzeuge & Nutzfahrzeuge / Transporter & LKW bis 7,5t / Abschleppwagen bis 7,5t
1802;Absetzkipper bis 7,5t;Transportfahrzeuge & Nutzfahrzeuge / Transporter & LKW bis 7,5t / Absetzkipper bis 7,5t
1828;Andere Transporter & LKW bis 7,5t;Transportfahrzeuge & Nutzfahrzeuge / Transporter & LKW bis 7,5t / Andere Transporter & LKW bis 7,5t
1803;Autokrane bis 7,5t;Transportfahrzeuge & Nutzfahrzeuge / Transporter & LKW bis 7,5t / Autokrane bis 7,5t
1804;Autotransporter bis 7,5t;Transportfahrzeuge & Nutzfahrzeuge / Transporter & LKW bis 7,5t / Autotransporter bis 7,5t
1805;Dreiseitenkipper bis 7,5t;Transportfahrzeuge & Nutzfahrzeuge / Transporter & LKW bis 7,5t / Dreiseitenkipper bis 7,5t
2156;Food Trucks & Verkaufswagen;Transportfahrzeuge & Nutzfahrzeuge / Transporter & LKW bis 7,5t / Food Trucks & Verkaufswagen
1807;Geldtransporter;Transportfahrzeuge & Nutzfahrzeuge / Transporter & LKW bis 7,5t / Geldtransporter
1808;Getränketransporter;Transportfahrzeuge & Nutzfahrzeuge / Transporter & LKW bis 7,5t / Getränketransporter
1809;Glastransporter;Transportfahrzeuge & Nutzfahrzeuge / Transporter & LKW bis 7,5t / Glastransporter
1811;Hochdach-Kastenwagen & Hochdach-Van;Transportfahrzeuge & Nutzfahrzeuge / Transporter & LKW bis 7,5t / Hochdach-Kastenwagen & Hochdach-Van
1810;Kastenwagen;Transportfahrzeuge & Nutzfahrzeuge / Transporter & LKW bis 7,5t / Kastenwagen
1812;Kastenwagen hoch + lang;Transportfahrzeuge & Nutzfahrzeuge / Transporter & LKW bis 7,5t / Kastenwagen hoch + lang
1813;Kastenwagen lang;Transportfahrzeuge & Nutzfahrzeuge / Transporter & LKW bis 7,5t / Kastenwagen lang
1816;Kombis & Kleinbusse bis 9 Sitze;Transportfahrzeuge & Nutzfahrzeuge / Transporter & LKW bis 7,5t / Kombis & Kleinbusse bis 9 Sitze
1817;Kühlkastenwagen;Transportfahrzeuge & Nutzfahrzeuge / Transporter & LKW bis 7,5t / Kühlkastenwagen
1818;Kühlkoffer LKW bis 7,5t;Transportfahrzeuge & Nutzfahrzeuge / Transporter & LKW bis 7,5t / Kühlkoffer LKW bis 7,5t
2147;Leichter Lieferwagen & Kleintransporter;Transportfahrzeuge & Nutzfahrzeuge / Transporter & LKW bis 7,5t / Leichter Lieferwagen & Kleintransporter
1819;Müllwagen bis 7,5t;Transportfahrzeuge & Nutzfahrzeuge / Transporter & LKW bis 7,5t / Müllwagen bis 7,5t
1820;Pick-up;Transportfahrzeuge & Nutzfahrzeuge / Transporter & LKW bis 7,5t / Pick-up
1821;Pritschenwagen;Transportfahrzeuge & Nutzfahrzeuge / Transporter & LKW bis 7,5t / Pritschenwagen
1823;Rettungswagen;Transportfahrzeuge & Nutzfahrzeuge / Transporter & LKW bis 7,5t / Rettungswagen
1824;Saugfahrzeuge & Druckwagen bis 7,5t;Transportfahrzeuge & Nutzfahrzeuge / Transporter & LKW bis 7,5t / Saugfahrzeuge & Druckwagen bis 7,5t
1825;Tankwagen;Transportfahrzeuge & Nutzfahrzeuge / Transporter & LKW bis 7,5t / Tankwagen
1826;Tiertransporter & Viehtransporter;Transportfahrzeuge & Nutzfahrzeuge / Transporter & LKW bis 7,5t / Tiertransporter & Viehtransporter
2425;Transporter & LKW bis 7,5t mit Arbeitsbühne;Transportfahrzeuge & Nutzfahrzeuge / Transporter & LKW bis 7,5t / Transporter & LKW bis 7,5t mit Arbeitsbühne
2150;Transporter & LKW bis 7,5t mit Spezialaufbauten;Transportfahrzeuge & Nutzfahrzeuge / Transporter & LKW bis 7,5t / Transporter & LKW bis 7,5t mit Spezialaufbauten
1814;Transporter & Pritschenwagen mit Kipper;Transportfahrzeuge & Nutzfahrzeuge / Transporter & LKW bis 7,5t / Transporter & Pritschenwagen mit Kipper
1806;Transporter Fahrgestell;Transportfahrzeuge & Nutzfahrzeuge / Transporter & LKW bis 7,5t / Transporter Fahrgestell
2144;Transporter Teile & Zubehör;Transportfahrzeuge & Nutzfahrzeuge / Transporter & LKW bis 7,5t / Transporter Teile & Zubehör
2153;Transporter mit Doppelkabine;Transportfahrzeuge & Nutzfahrzeuge / Transporter & LKW bis 7,5t / Transporter mit Doppelkabine
1815;Transporter mit Kofferaufbau;Transportfahrzeuge & Nutzfahrzeuge / Transporter & LKW bis 7,5t / Transporter mit Kofferaufbau
1822;Transporter mit Pritsche & Plane;Transportfahrzeuge & Nutzfahrzeuge / Transporter & LKW bis 7,5t / Transporter mit Pritsche & Plane
1827;Wechselfahrgestell Transporter;Transportfahrzeuge & Nutzfahrzeuge / Transporter & LKW bis 7,5t / Wechselfahrgestell Transporter
253;Beschleuniger;Vakuumtechnik / Beschleuniger
254;Dichtheitsprüfanlagen;Vakuumtechnik / Dichtheitsprüfanlagen
690;Sonstige Vakuummaschinen;Vakuumtechnik / Sonstige Vakuummaschinen
257;Thermosysteme;Vakuumtechnik / Thermosysteme
258;UHV-Systeme & Manipulatoren;Vakuumtechnik / UHV-Systeme & Manipulatoren
255;Vakuumkammern;Vakuumtechnik / Vakuumkammern
256;Vakuumpumpen;Vakuumtechnik / Vakuumpumpen
499;Automation;Verfahrenstechnik / Automation
500;Dekanter;Verfahrenstechnik / Dekanter
501;Filteranlagen;Verfahrenstechnik / Filteranlagen
502;Gebläse;Verfahrenstechnik / Gebläse
503;Ionentauscher;Verfahrenstechnik / Ionentauscher
504;Kammerfilterpressen;Verfahrenstechnik / Kammerfilterpressen
505;Kompressoren;Verfahrenstechnik / Kompressoren
506;Lagertanks;Verfahrenstechnik / Lagertanks
2040;Membranfiltrationsanlagen;Verfahrenstechnik / Membranfiltrationsanlagen
507;Mischanlagen;Verfahrenstechnik / Mischanlagen
508;Mühlen;Verfahrenstechnik / Mühlen
509;Pressen;Verfahrenstechnik / Pressen
510;Pumpen;Verfahrenstechnik / Pumpen
673;Sonstige Verfahrenstechnik;Verfahrenstechnik / Sonstige Verfahrenstechnik
511;Trockenanlagen;Verfahrenstechnik / Trockenanlagen
2038;Vakuumverdampfer;Verfahrenstechnik / Vakuumverdampfer
512;Wasseraufbereitungsanlagen;Verfahrenstechnik / Wasseraufbereitungsanlagen
513;Zentrifugen;Verfahrenstechnik / Zentrifugen
525;Abfüllanlagen;Verpackungsmaschinen / Abfüllanlagen
526;Abpackmaschinen;Verpackungsmaschinen / Abpackmaschinen
527;Aluverpackungsmaschinen;Verpackungsmaschinen / Aluverpackungsmaschinen
528;Banderoliermaschinen;Verpackungsmaschinen / Banderoliermaschinen
529;Blisterverpackungsmaschinen;Verpackungsmaschinen / Blisterverpackungsmaschinen
698;Endbearbeitungsmaschinen;Verpackungsmaschinen / Endbearbeitungsmaschinen
530;Etikettieranlagen;Verpackungsmaschinen / Etikettieranlagen
725;Flachfolienanlagen;Verpackungsmaschinen / Flachfolienanlagen
531;Herstellung von Verpackungsmaterial;Verpackungsmaschinen / Herstellung von Verpackungsmaterial
532;Kartonverpackungsmaschinen;Verpackungsmaschinen / Kartonverpackungsmaschinen
533;Kuvertiermaschinen;Verpackungsmaschinen / Kuvertiermaschinen
535;Palettierer & Palettieranlagen;Verpackungsmaschinen / Palettierer & Palettieranlagen
534;Papierverpackungsmaschinen;Verpackungsmaschinen / Papierverpackungsmaschinen
536;Schlauchbeutelmaschinen;Verpackungsmaschinen / Schlauchbeutelmaschinen
537;Schrumpfanlagen;Verpackungsmaschinen / Schrumpfanlagen
538;Siegelrandbeutelmaschinen;Verpackungsmaschinen / Siegelrandbeutelmaschinen
669;Sonstige Verpackungsmaschinen;Verpackungsmaschinen / Sonstige Verpackungsmaschinen
749;Steigenaufrichter;Verpackungsmaschinen / Steigenaufrichter
539;Tiefziehmaschinen;Verpackungsmaschinen / Tiefziehmaschinen
540;Umreifungsmaschinen;Verpackungsmaschinen / Umreifungsmaschinen
541;Vakuumverpackungsmaschinen;Verpackungsmaschinen / Vakuumverpackungsmaschinen
542;Verschliessmaschinen;Verpackungsmaschinen / Verschliessmaschinen
543;Wickler;Verpackungsmaschinen / Wickler
544;Wiege-Füllmaschinen;Verpackungsmaschinen / Wiege-Füllmaschinen
2360;Alkoven-Wohnmobile;Wohnwagen & Wohnmobile / Alkoven-Wohnmobile
2363;Integrierte Wohnmobile;Wohnwagen & Wohnmobile / Integrierte Wohnmobile
2366;Kastenwagen Wohnmobile & Campervans;Wohnwagen & Wohnmobile / Kastenwagen Wohnmobile & Campervans
2378;LKW Wohnmobile;Wohnwagen & Wohnmobile / LKW Wohnmobile
2387;Mobilheime;Wohnwagen & Wohnmobile / Mobilheime
2375;Pickup Camper;Wohnwagen & Wohnmobile / Pickup Camper
2384;Sonstige Wohnmobile & Wohnwagen;Wohnwagen & Wohnmobile / Sonstige Wohnmobile & Wohnwagen
2369;Teilintegrierte Wohnmobile;Wohnwagen & Wohnmobile / Teilintegrierte Wohnmobile
2372;Wohnkabinen;Wohnwagen & Wohnmobile / Wohnkabinen
2381;Wohnwagen;Wohnwagen & Wohnmobile / Wohnwagen
39;Überschüssige Lagerbestände & Restbestände;Überschüssige Lagerbestände & Restbestände
